source_id,primary_domain,route,result,formats,request_errors,has_access_or_budget_limit
bioconductor:alabaster.matrix,Computing infrastructure,Bioconductor package pages,document_located,Rendered vignette; Vignette R script,0,False
bioconductor:alabaster.ranges,Computing infrastructure,Bioconductor package pages,document_located,Rendered vignette; Vignette R script,0,False
bioconductor:alabaster.sce,Single-cell & spatial omics,Bioconductor package pages,document_located,Rendered vignette; Vignette R script,0,False
bioconductor:alabaster.schemas,Computing infrastructure,Bioconductor package pages,document_located,Rendered vignette,0,False
bioconductor:alabaster.se,Computing infrastructure,Bioconductor package pages,document_located,Rendered vignette; Vignette R script,0,False
bioconductor:annotate,Genome assembly & annotation,Bioconductor package pages,document_located,Rendered vignette; Vignette R script,0,False
bioconductor:apeglm,Gene expression,Bioconductor package pages,document_located,Rendered vignette; Vignette R script,0,False
bioconductor:aucell,Single-cell & spatial omics,Bioconductor package pages,document_located,Rendered vignette; Vignette R script,0,False
bioconductor:basilisk.utils,Computing infrastructure,Bioconductor package pages,document_located,Rendered vignette; Vignette R script,0,False
bioconductor:batchelor,Single-cell & spatial omics,Bioconductor package pages,document_located,Rendered vignette; Vignette R script,0,False
bioconductor:beadarray,Gene expression,Bioconductor package pages,document_located,Rendered vignette; Vignette R script,0,False
bioconductor:biocneighbors,Computing infrastructure,Bioconductor package pages,document_located,Rendered vignette; Vignette R script,0,False
bioconductor:biocversion,Computing infrastructure,Bioconductor package pages,none_detected,,0,False
bioconductor:biovizbase,Computing infrastructure,Bioconductor package pages,document_located,Rendered vignette; Vignette R script,0,False
bioconductor:bluster,Computing infrastructure,Bioconductor package pages,document_located,Rendered vignette; Vignette R script,0,False
bioconductor:category,Systems biology & ontologies,Bioconductor package pages,document_located,Rendered vignette; Vignette R script,0,False
bioconductor:champ,Gene regulation,Bioconductor package pages,document_located,Rendered vignette; Vignette R script,0,False
bioconductor:chippeakanno,Gene regulation,Bioconductor package pages,document_located,Rendered vignette; Vignette R script,0,False
bioconductor:chipseq,Gene regulation,Bioconductor package pages,document_located,Rendered vignette; Vignette R script,0,False
bioconductor:chromvar,Gene regulation,Bioconductor package pages,document_located,Rendered vignette; Vignette R script,0,False
bioconductor:consensusclusterplus,Computing infrastructure,Bioconductor package pages,document_located,Rendered vignette; Vignette R script,0,False
bioconductor:cytolib,General biology & multi-omics,Bioconductor package pages,document_located,Rendered vignette; Vignette R script,0,False
bioconductor:decipher,Sequence processing,Bioconductor package pages,document_located,Rendered vignette; Vignette R script,0,False
bioconductor:dexseq,Gene expression,Bioconductor package pages,document_located,Rendered vignette; Vignette R script,0,False
bioconductor:diffbind,Gene regulation,Bioconductor package pages,document_located,Rendered vignette; Vignette R script,0,False
bioconductor:dir.expiry,Computing infrastructure,Bioconductor package pages,document_located,Rendered vignette; Vignette R script,0,False
bioconductor:dittoseq,Single-cell & spatial omics,Bioconductor package pages,document_located,Rendered vignette; Vignette R script,0,False
bioconductor:dmrcate,Gene regulation,Bioconductor package pages,document_located,Rendered vignette; Vignette R script,0,False
bioconductor:dnacopy,Genetic variation,Bioconductor package pages,document_located,Rendered vignette; Vignette R script,0,False
bioconductor:dropletutils,Single-cell & spatial omics,Bioconductor package pages,document_located,Rendered vignette; Vignette R script,0,False
bioconductor:dss,Gene regulation,Bioconductor package pages,document_located,Rendered vignette; Vignette R script,0,False
bioconductor:dyndoc,Computing infrastructure,Bioconductor package pages,none_detected,,0,False
bioconductor:edger,Gene expression,Bioconductor package pages,document_located,Rendered vignette; Vignette R script,0,False
bioconductor:flowclust,General biology & multi-omics,Bioconductor package pages,document_located,Rendered vignette; Vignette R script,0,False
bioconductor:flowcore,General biology & multi-omics,Bioconductor package pages,document_located,Rendered vignette; Vignette R script,0,False
bioconductor:flowsom,General biology & multi-omics,Bioconductor package pages,document_located,Rendered vignette; Vignette R script,0,False
bioconductor:flowviz,General biology & multi-omics,Bioconductor package pages,document_located,Rendered vignette; Vignette R script,0,False
bioconductor:flowworkspace,General biology & multi-omics,Bioconductor package pages,document_located,Rendered vignette; Vignette R script,0,False
bioconductor:gcrma,Gene expression,Bioconductor package pages,document_located,Rendered vignette,0,False
bioconductor:genefilter,Gene expression,Bioconductor package pages,document_located,Rendered vignette; Vignette R script,0,False
bioconductor:geneoverlap,Systems biology & ontologies,Bioconductor package pages,document_located,Rendered vignette; Vignette R script,0,False
bioconductor:geneplotter,Computing infrastructure,Bioconductor package pages,document_located,Rendered vignette; Vignette R script,0,False
bioconductor:genie3,Gene regulation,Bioconductor package pages,document_located,Rendered vignette; Vignette R script,0,False
bioconductor:genomeinfodbdata,Genome assembly & annotation,Bioconductor package pages,none_detected,,0,False
bioconductor:globalancova,Systems biology & ontologies,Bioconductor package pages,document_located,Rendered vignette; Vignette R script,0,False
bioconductor:globaltest,Systems biology & ontologies,Bioconductor package pages,document_located,Rendered vignette; Vignette R script,0,False
bioconductor:go.db,Systems biology & ontologies,Bioconductor package pages,none_detected,,3,True
bioconductor:gostats,Systems biology & ontologies,Bioconductor package pages,document_located,Rendered vignette; Vignette R script,0,False
bioconductor:graph,Computing infrastructure,Bioconductor package pages,document_located,Rendered vignette; Vignette R script,0,False
bioconductor:greylistchip,Gene regulation,Bioconductor package pages,document_located,Rendered vignette; Vignette R script,0,False
bioconductor:gseabase,Systems biology & ontologies,Bioconductor package pages,document_located,Rendered vignette; Vignette R script,0,False
bioconductor:ihw,Computing infrastructure,Bioconductor package pages,document_located,Rendered vignette; Vignette R script,0,False
bioconductor:impute,Gene expression,Bioconductor package pages,none_detected,,0,False
bioconductor:interactionset,Gene regulation,Bioconductor package pages,document_located,Rendered vignette; Vignette R script,0,False
bioconductor:interactivedisplaybase,Computing infrastructure,Bioconductor package pages,document_located,Rendered vignette; Vignette R script,3,True
bioconductor:kegggraph,Systems biology & ontologies,Bioconductor package pages,document_located,Rendered vignette; Vignette R script,0,False
bioconductor:limma,Gene expression,Bioconductor package pages,document_located,Rendered vignette; Vignette R script,0,False
bioconductor:lumi,Gene expression,Bioconductor package pages,document_located,Rendered vignette,0,False
bioconductor:marray,Gene expression,Bioconductor package pages,document_located,Rendered vignette; Vignette R script,0,False
bioconductor:mfuzz,General biology & multi-omics,Bioconductor package pages,document_located,Rendered vignette; Vignette R script,0,False
bioconductor:microrna,Gene regulation,Bioconductor package pages,none_detected,,0,False
bioconductor:minet,Systems biology & ontologies,Bioconductor package pages,none_detected,,0,False
bioconductor:missmethyl,Gene regulation,Bioconductor package pages,document_located,Rendered vignette; Vignette R script,0,False
bioconductor:mlinterfaces,Computing infrastructure,Bioconductor package pages,document_located,Rendered vignette; Vignette R script,0,False
bioconductor:monocle,Single-cell & spatial omics,Bioconductor package pages,document_located,Rendered vignette; Vignette R script,0,False
bioconductor:motifdb,Gene regulation,Bioconductor package pages,document_located,Rendered vignette; Vignette R script,0,False
bioconductor:motifmatchr,Gene regulation,Bioconductor package pages,document_located,Rendered vignette; Vignette R script,0,False
bioconductor:motifstack,Gene regulation,Bioconductor package pages,document_located,Rendered vignette; Vignette R script,0,False
bioconductor:msstats,Proteomics,Bioconductor package pages,document_located,Rendered vignette; Vignette R script,0,False
bioconductor:multidataset,General biology & multi-omics,Bioconductor package pages,document_located,Rendered vignette; Vignette R script,0,False
bioconductor:multtest,Computing infrastructure,Bioconductor package pages,document_located,Rendered vignette; Sweave/knitr,0,False
bioconductor:mzid,Proteomics,Bioconductor package pages,document_located,Rendered vignette; Vignette R script,0,False
bioconductor:ncdfflow,General biology & multi-omics,Bioconductor package pages,document_located,Rendered vignette; Vignette R script,0,False
bioconductor:oligoclasses,Gene expression,Bioconductor package pages,none_detected,,0,False
bioconductor:opencyto,General biology & multi-omics,Bioconductor package pages,document_located,Rendered vignette; Vignette R script,0,False
bioconductor:org.hs.eg.db,Genome assembly & annotation,Bioconductor package pages,none_detected,,3,True
bioconductor:organismdbi,Genome assembly & annotation,Bioconductor package pages,document_located,Rendered vignette; Vignette R script,0,False
bioconductor:quantiseqr,Immunology,Bioconductor package pages,document_located,Rendered vignette; Vignette R script,0,False
bioconductor:rbgl,Computing infrastructure,Bioconductor package pages,document_located,Rendered vignette; Vignette R script,0,False
bioconductor:regioner,Gene regulation,Bioconductor package pages,document_located,Rendered vignette; Vignette R script,0,False
bioconductor:reportingtools,Computing infrastructure,Bioconductor package pages,document_located,Rendered vignette; Vignette R script,0,False
bioconductor:rgraphviz,Computing infrastructure,Bioconductor package pages,document_located,Rendered vignette; Vignette R script,0,False
bioconductor:ropls,Metabolomics,Bioconductor package pages,document_located,Rendered vignette; Vignette R script,0,False
bioconductor:rprotobuflib,Computing infrastructure,Bioconductor package pages,document_located,Rendered vignette; Vignette R script,0,False
bioconductor:rsubread,Sequence processing,Bioconductor package pages,document_located,Rendered vignette; Vignette R script,0,False
bioconductor:rtracklayer,Genome assembly & annotation,Bioconductor package pages,document_located,Rendered vignette; Vignette R script,0,False
bioconductor:safe,Systems biology & ontologies,Bioconductor package pages,document_located,Rendered vignette; Vignette R script,0,False
bioconductor:scater,Single-cell & spatial omics,Bioconductor package pages,document_located,Rendered vignette; Vignette R script,0,False
bioconductor:scds,Single-cell & spatial omics,Bioconductor package pages,document_located,Rendered vignette; Vignette R script,0,False
bioconductor:scuttle,Single-cell & spatial omics,Bioconductor package pages,document_located,Rendered vignette; Vignette R script,0,False
bioconductor:seqpattern,Gene regulation,Bioconductor package pages,document_located,Rendered vignette; Vignette R script,0,False
bioconductor:siggenes,Gene expression,Bioconductor package pages,document_located,Rendered vignette; Vignette R script,0,False
bioconductor:singlecellexperiment,Single-cell & spatial omics,Bioconductor package pages,document_located,Rendered vignette; Vignette R script,0,False
bioconductor:snpstats,Genetic variation,Bioconductor package pages,document_located,Rendered vignette; Vignette R script,0,False
bioconductor:spia,Systems biology & ontologies,Bioconductor package pages,document_located,Rendered vignette; Vignette R script,0,False
bioconductor:stringdb,Systems biology & ontologies,Bioconductor package pages,document_located,Rendered vignette; Vignette R script,0,False
bioconductor:survcomp,Biomedical text & clinical data,Bioconductor package pages,document_located,Rendered vignette; Vignette R script,0,False
bioconductor:sva,Gene expression,Bioconductor package pages,document_located,Rendered vignette; Vignette R script,0,False
bioconductor:tkwidgets,Computing infrastructure,Bioconductor package pages,document_located,Rendered vignette; Vignette R script,0,False
bioconductor:trackviewer,Genome assembly & annotation,Bioconductor package pages,document_located,Rendered vignette; Vignette R script,0,False
bioconductor:treesummarizedexperiment,Phylogenetics & evolution,Bioconductor package pages,document_located,Rendered vignette; Vignette R script,0,False
bioconductor:variantannotation,Genetic variation,Bioconductor package pages,document_located,Rendered vignette; Vignette R script,0,False
bioconductor:viper,Gene regulation,Bioconductor package pages,document_located,Rendered vignette; Vignette R script,0,False
bioconductor:watermelon,Gene regulation,Bioconductor package pages,document_located,Rendered vignette; Vignette R script,0,False
bioconductor:widgettools,Computing infrastructure,Bioconductor package pages,document_located,Rendered vignette; Vignette R script,0,False
bioconductor:zlibbioc,Computing infrastructure,Bioconductor package pages,none_detected,,4,True
http://circos.ca/distribution/circos-0.69-9.tgz,Genome assembly & annotation,distribution,none_detected,,4,True
http://cpan.metacpan.org/authors/id/c/cj/cjfields/bio-featureio-1.6.905.tar.gz,Genome assembly & annotation,distribution,none_detected,,0,False
http://research-pub.gene.com/gmap/src/gmap-gsnap-2025-07-31.tar.gz,Sequence processing,distribution,none_detected,,0,False
http://www.ansikte.se/aragorn/downloads/aragorn1.2.41.c,Genome assembly & annotation,distribution,none_detected,,0,True
http://www.bioinf.uni-leipzig.de/software/segemehl/downloads/segemehl-0.3.4.tar.gz,Sequence processing,distribution,none_detected,,0,False
http://www.clustal.org/omega/clustal-omega-1.2.4.tar.gz,Sequence processing,distribution,none_detected,,4,True
https://bitbucket.org/genomicepidemiology/kma,Sequence processing,bitbucket.org,none_detected,,1,True
https://bitbucket.org/kokonech/qualimap,Sequence processing,bitbucket.org,none_detected,,8,True
https://catchenlab.life.illinois.edu/stacks/source/stacks-2.68.tar.gz,Genetic variation,distribution,none_detected,,2,True
https://ccb.jhu.edu/software/glimmerhmm/dl/glimmerhmm-3.0.4.tar.gz,Genome assembly & annotation,distribution,none_detected,,1,True
https://cpan.metacpan.org/authors/id/c/cd/cdraug/bio-tools-phylo-paml-1.7.3.tar.gz,Phylogenetics & evolution,distribution,none_detected,,0,False
https://cpan.metacpan.org/authors/id/c/cd/cdraug/bio-tools-run-alignment-clustalw-1.7.4.tar.gz,Sequence processing,distribution,none_detected,,0,False
https://cpan.metacpan.org/authors/id/c/cd/cdraug/bio-tools-run-alignment-tcoffee-1.7.4.tar.gz,Sequence processing,distribution,none_detected,,0,False
https://cpan.metacpan.org/authors/id/c/cj/cjfields/bio-asn1-entrezgene-1.73.tar.gz,General biology & multi-omics,distribution,none_detected,,0,False
https://cpan.metacpan.org/authors/id/c/cj/cjfields/bio-coordinate-1.007001.tar.gz,Genome assembly & annotation,distribution,none_detected,,0,False
https://cpan.metacpan.org/authors/id/c/cj/cjfields/bio-searchio-hmmer-1.7.3.tar.gz,Protein structure & biophysics,distribution,none_detected,,0,False
https://cpan.metacpan.org/authors/id/c/cj/cjfields/bioperl-1.7.8.tar.gz,General biology & multi-omics,distribution,none_detected,,0,False
https://cpan.metacpan.org/authors/id/c/cj/cjfields/bioperl-run-1.007003.tar.gz,General biology & multi-omics,distribution,none_detected,,0,False
https://cpan.metacpan.org/authors/id/l/ld/lds/bio-samtools-1.43.tar.gz,Sequence processing,distribution,none_detected,,0,False
https://depot.galaxyproject.org/software/abundancebin/abundancebin_1.0.1_src_all.tar.gz,Microbiome & metagenomics,distribution,none_detected,,2,True
https://depot.galaxyproject.org/software/emboss/emboss_6.6.0_src_all.tar.gz,General biology & multi-omics,distribution,none_detected,,1,True
https://downloads.sourceforge.net/project/poamsa/poamsa/2.0/poav2.tar.gz,Sequence processing,distribution,none_detected,,0,False
https://downloads.sourceforge.net/project/subread/subread-2.1.1/subread-2.1.1-source.tar.gz,Sequence processing,distribution,tutorial_lead,,1,True
https://files.pythonhosted.org/packages/18/9a/d93f18f0752a6a2ccb5ea32bd37f11aede844a6cf33c03e3c18e4aebf3b9/sccoord-1.6.100.tar.gz,Single-cell & spatial omics,distribution,none_detected,,1,True
https://files.pythonhosted.org/packages/80/83/cf3f09a8d7ab1fffb48452d6d4d509e7e8587371fc99c7408b2f32b4bb15/mol_hume-1.0.1.tar.gz,Cheminformatics & drug discovery,distribution,none_detected,,1,True
https://files.pythonhosted.org/packages/8b/94/a24d594973271658189f885ea61c4f5ed308fbbc22a7962de3117b3c1497/cell_eval2-0.16.0.tar.gz,Single-cell & spatial omics,distribution,document_located,Jupyter,2,True
https://files.pythonhosted.org/packages/a7/bf/c4a8b47f55557cf555711ba8aaff56f7ddacf64795f99629caf8fe9e4af0/pdex-0.3.0.tar.gz,Single-cell & spatial omics,distribution,none_detected,,2,True
https://files.pythonhosted.org/packages/ec/c1/d9252620d09a064247d1623ebc4732d624921a2ed80a677f8b9ce61810dd/gprofiler-official-1.0.0.tar.gz,Systems biology & ontologies,distribution,none_detected,,0,False
https://ftp.ebi.ac.uk/pub/software/clustalw2/2.1/clustalw-2.1.tar.gz,Sequence processing,distribution,none_detected,,0,False
https://ftp.ncbi.nih.gov/pub/mmdb/cdd/rpsbproc/20250513_112041/rpsbproc-src.tar.gz,Protein structure & biophysics,distribution,none_detected,,0,False
https://ftp.ncbi.nlm.nih.gov/entrez/entrezdirect/versions/26.0.20260719/edirect.tar.gz,General biology & multi-omics,distribution,none_detected,,2,True
https://gitlab.com/ezlab/busco,Genome assembly & annotation,gitlab.com,none_detected,,0,False
https://gitlab.com/mcfrith/last,Sequence processing,gitlab.com,none_detected,,1,True
https://gitlab.com/paulklemm_phd/proteinortho,Phylogenetics & evolution,gitlab.com,none_detected,,0,False
https://gitlab.com/sysimm/mafft,Sequence processing,gitlab.com,none_detected,,0,False
https://meme-suite.org/meme/meme-software/5.5.9/meme-5.5.9.tar.gz,Gene regulation,distribution,tutorial_lead,,1,True
https://pypi.io/packages/source/p/pybiolib/pybiolib-1.4.551.tar.gz,Computing infrastructure,distribution,none_detected,,0,False
