feature,importance
radius_se,0.15236852971118348
perimeter_worst,0.14874477674498476
texture_worst,0.10919197719059305
concavity_mean,0.08468078158933581
symmetry_worst,0.06661270096470485
concave points_worst,0.06566181975054634
concavity_worst,0.050108608934821344
compactness_se,0.04642870099038305
fractal_dimension_mean,0.038444660976385756
concave points_se,0.033206374710946514
texture_se,0.03182286051696707
smoothness_mean,0.026317245702510143
fractal_dimension_se,0.025566624713424017
symmetry_se,0.02448807625044872
concavity_se,0.02252884315003903
symmetry_mean,0.019009012039075485
smoothness_se,0.01827487117206597
compactness_worst,0.017023944597309507
smoothness_worst,0.011937552244422734
compactness_mean,0.0039455831688439994
fractal_dimension_worst,0.0036364548810082615
