id,true_label,predicted_label,predicted_proba
911150,0,0,0.182782
898678,0,0,0.005056
92751,0,0,0.000477
905520,0,0,0.007319
917080,0,0,0.023202
91813702,0,0,0.004616
84358402,1,1,0.998168
909411,0,0,0.049249
911916,1,1,0.839017
893783,0,0,0.00352
8811523,0,0,0.02664
873593,1,1,0.999999
902975,0,0,0.001451
893548,0,0,0.001288
868871,0,0,0.000758
86973701,0,0,0.00649
874662,0,0,0.002812
898431,1,1,0.999976
915143,1,1,1.0
859575,1,1,0.999897
871201,1,1,0.999999
879523,1,0,0.387125
892438,1,1,0.999999
904969,0,0,0.000925
914580,0,0,0.018124
87281702,1,1,0.97271
89122,1,1,0.999901
852631,1,1,0.999982
902976,0,0,0.001686
9112085,0,0,0.43828
843786,1,1,0.792596
869254,0,0,0.000234
915664,0,0,0.004896
84667401,1,1,0.866112
90769601,0,0,8.2e-05
905502,0,0,0.165043
8610637,1,1,0.999478
879830,1,1,0.95726
89511502,0,0,0.002948
913505,1,1,0.999959
911296202,1,1,1.0
865137,0,0,0.001211
916838,1,1,0.997023
864726,0,0,1.8e-05
884437,0,0,0.020186
8611792,1,1,0.91863
8810987,1,0,0.382819
894329,0,0,0.00167
875938,1,1,0.996873
90944601,0,0,0.001082
90251,0,0,0.005813
86135501,1,1,0.73939
918465,0,0,0.002066
8910499,0,0,0.014558
91789,0,0,0.000302
899147,0,0,0.000371
9110944,0,0,0.067952
873586,0,0,0.000181
925292,0,0,0.176467
84458202,1,1,0.878619
914862,0,0,0.024347
9010598,0,0,0.007088
869224,0,0,0.026297
857793,1,1,0.977141
8811842,1,1,0.999985
895633,1,1,0.670413
926125,1,1,1.0
90250,0,0,0.000623
911320502,0,0,0.01864
891716,0,0,0.000495
9012568,0,0,0.001724
866458,0,0,0.091979
86408,0,0,0.014004
863270,0,0,0.009842
903516,1,1,0.999997
893526,0,0,0.00029
865432,0,0,0.02939
877486,1,1,0.998944
879804,0,0,0.000853
924632,0,0,0.077238
8911164,0,0,0.043559
909231,0,0,0.024016
8712853,0,0,0.016834
925622,1,1,0.999954
862485,0,0,0.001209
914062,1,1,0.997121
915276,0,0,0.000105
91544001,0,0,0.006565
857373,0,0,0.00303
912193,0,0,0.00473
858981,0,0,0.000964
87163,1,1,0.941226
864877,1,1,0.999416
859717,1,1,0.999652
884180,1,1,0.998684
91930402,1,1,0.999557
917092,0,0,0.001659
924964,0,0,4.9e-05
899187,0,0,0.001384
923169,0,0,0.000804
8711002,0,0,0.108423
884948,1,1,0.999999
88206102,1,1,0.999925
8510653,0,0,0.003064
8511133,1,1,0.981195
894047,0,0,5e-06
8812877,1,1,0.984928
8912049,1,1,0.999996
8911230,0,0,0.000126
849014,1,1,1.0
901041,0,0,0.010502
8911670,1,1,0.881393
8912055,0,0,0.012552
919537,0,0,0.001474
854039,1,1,0.99191
8812818,0,0,0.012591
91858,0,0,0.076315
894618,1,1,0.995395
8812844,0,0,0.000499
901836,0,0,0.000462
8610404,1,1,0.997496
85922302,1,1,0.991184
911366,0,0,0.168399
875263,1,1,0.941396
924342,0,0,0.000115
861799,1,1,0.520788
912558,0,0,0.021742
8810436,0,0,0.023413
9111805,1,1,0.999055
862717,1,1,0.963474
846226,1,1,0.973778
90769602,0,0,0.001133
904357,0,0,0.005064
9113538,1,1,0.997637
89296,0,0,0.000686
874858,1,0,0.263863
86211,0,0,0.000812
9112366,0,0,0.24818
902727,0,0,0.003421
906539,0,0,0.0105
8910720,0,0,0.001572
908445,1,1,0.999659
86561,0,0,0.004012
873843,0,0,0.000221
918192,0,0,0.014658
917896,0,0,0.070377
9113514,0,0,0.001144
89869,0,0,0.134581
859983,1,0,0.077191
878796,1,1,1.0
8912280,1,1,0.856858
898677,0,0,1.9e-05
906024,0,0,0.000787
91505,0,0,0.014367
898690,0,0,0.001345
8810158,0,0,0.13361
891936,0,0,6e-06
901303,0,0,0.024225
862028,1,1,0.98985
90291,1,1,0.836846
894604,0,0,0.000412
861597,0,0,0.082683
866714,0,0,0.001187
859711,0,0,1e-06
858970,0,0,0.000173
9112712,0,0,0.003623
8610175,0,0,0.006206
855138,1,1,0.77612
862548,1,0,0.488887
864685,0,0,0.010916
88119002,1,1,0.999999
