primary_domain,sources,mapped,present,none_detected,unknown,not_scanned,unmapped,formats,present_fraction_resolved,present_lower_bound_mapped
Bioimaging,94,94,29,65,0,0,0,"{'Jupyter': 28, 'R Markdown': 1}",0.30851063829787234,0.30851063829787234
Biomechanics & physiology,1,1,1,0,0,0,0,{'Jupyter': 1},1.0,1.0
Biomedical text & clinical data,23,22,4,18,0,0,1,"{'Jupyter': 4, 'R Markdown': 1}",0.18181818181818182,0.18181818181818182
Cheminformatics & drug discovery,45,44,21,22,1,0,1,"{'Jupyter': 19, 'marimo': 1, '.NET Interactive': 1, 'R Markdown': 1, 'Jupytext': 1}",0.4883720930232558,0.4772727272727273
Computing infrastructure,112,86,49,37,0,0,26,"{'R Markdown': 39, 'Sweave/knitr': 8, 'Quarto': 1, 'Jupyter': 7}",0.5697674418604651,0.5697674418604651
Ecology & conservation,4,4,4,0,0,0,0,{'Jupyter': 4},1.0,1.0
Gene expression,48,35,22,13,0,0,13,"{'R Markdown': 15, 'Sweave/knitr': 5, 'Jupyter': 2, 'Quarto': 2, 'Wolfram notebook': 1}",0.6285714285714286,0.6285714285714286
Gene regulation,54,34,28,6,0,0,20,"{'R Markdown': 15, 'Jupyter': 11, 'Sweave/knitr': 3, 'Quarto': 1}",0.8235294117647058,0.8235294117647058
General biology & multi-omics,70,55,23,32,0,0,15,"{'R Markdown': 11, 'Jupyter': 11, 'Quarto': 1, 'Sweave/knitr': 1}",0.41818181818181815,0.41818181818181815
Genetic variation,51,47,17,30,0,0,4,"{'R Markdown': 7, 'Jupyter': 10, 'Sweave/knitr': 1}",0.3617021276595745,0.3617021276595745
Genome assembly & annotation,79,67,24,43,0,0,12,"{'Jupyter': 5, 'R Markdown': 16, 'Sweave/knitr': 6, 'Quarto': 1}",0.3582089552238806,0.3582089552238806
Immunology,12,11,5,6,0,0,1,"{'marimo': 1, 'R Markdown': 1, 'Jupyter': 3}",0.45454545454545453,0.45454545454545453
Metabolomics,7,6,4,2,0,0,1,"{'Jupyter': 1, 'R Markdown': 3}",0.6666666666666666,0.6666666666666666
Microbiome & metagenomics,31,30,15,15,0,0,1,"{'R Markdown': 11, 'Sweave/knitr': 2, 'Jupyter': 3}",0.5,0.5
Neuroscience & behavior,48,48,22,26,0,0,0,"{'R Markdown': 2, 'Jupyter': 19, 'MATLAB Live Script': 1, 'marimo': 1}",0.4583333333333333,0.4583333333333333
Phylogenetics & evolution,24,21,7,14,0,0,3,"{'Jupyter': 4, 'R Markdown': 3}",0.3333333333333333,0.3333333333333333
Protein structure & biophysics,70,68,33,35,0,0,2,"{'Jupyter': 32, 'Quarto': 1, 'Wolfram notebook': 1}",0.4852941176470588,0.4852941176470588
Proteomics,22,20,14,6,0,0,2,"{'R Markdown': 12, 'Jupyter': 2}",0.7,0.7
RNA structure,3,3,0,3,0,0,0,{},0.0,0.0
Sequence processing,94,79,12,67,0,0,15,"{'Jupyter': 4, 'R Markdown': 6, 'Sweave/knitr': 5}",0.1518987341772152,0.1518987341772152
Single-cell & spatial omics,67,54,39,15,0,0,13,"{'Jupyter': 16, 'R Markdown': 24, 'Sweave/knitr': 1}",0.7222222222222222,0.7222222222222222
Systems biology & ontologies,55,42,32,10,0,0,13,"{'R Markdown': 18, 'Jupyter': 10, 'Sweave/knitr': 5, 'Wolfram notebook': 1, 'Quarto': 3}",0.7619047619047619,0.7619047619047619
