primary_domain,format,repositories
Bioimaging,Jupyter,28
Bioimaging,R Markdown,1
Biomechanics & physiology,Jupyter,1
Biomedical text & clinical data,Jupyter,4
Biomedical text & clinical data,R Markdown,1
Cheminformatics & drug discovery,.NET Interactive,1
Cheminformatics & drug discovery,Jupyter,19
Cheminformatics & drug discovery,Jupytext,1
Cheminformatics & drug discovery,R Markdown,1
Cheminformatics & drug discovery,marimo,1
Computing infrastructure,Jupyter,7
Computing infrastructure,Quarto,1
Computing infrastructure,R Markdown,39
Computing infrastructure,Sweave/knitr,8
Ecology & conservation,Jupyter,4
Gene expression,Jupyter,2
Gene expression,Quarto,2
Gene expression,R Markdown,15
Gene expression,Sweave/knitr,5
Gene expression,Wolfram notebook,1
Gene regulation,Jupyter,11
Gene regulation,Quarto,1
Gene regulation,R Markdown,15
Gene regulation,Sweave/knitr,3
General biology & multi-omics,Jupyter,11
General biology & multi-omics,Quarto,1
General biology & multi-omics,R Markdown,11
General biology & multi-omics,Sweave/knitr,1
Genetic variation,Jupyter,10
Genetic variation,R Markdown,7
Genetic variation,Sweave/knitr,1
Genome assembly & annotation,Jupyter,5
Genome assembly & annotation,Quarto,1
Genome assembly & annotation,R Markdown,16
Genome assembly & annotation,Sweave/knitr,6
Immunology,Jupyter,3
Immunology,R Markdown,1
Immunology,marimo,1
Metabolomics,Jupyter,1
Metabolomics,R Markdown,3
Microbiome & metagenomics,Jupyter,3
Microbiome & metagenomics,R Markdown,11
Microbiome & metagenomics,Sweave/knitr,2
Neuroscience & behavior,Jupyter,19
Neuroscience & behavior,MATLAB Live Script,1
Neuroscience & behavior,R Markdown,2
Neuroscience & behavior,marimo,1
Phylogenetics & evolution,Jupyter,4
Phylogenetics & evolution,R Markdown,3
Protein structure & biophysics,Jupyter,32
Protein structure & biophysics,Quarto,1
Protein structure & biophysics,Wolfram notebook,1
Proteomics,Jupyter,2
Proteomics,R Markdown,12
Sequence processing,Jupyter,4
Sequence processing,R Markdown,6
Sequence processing,Sweave/knitr,5
Single-cell & spatial omics,Jupyter,16
Single-cell & spatial omics,R Markdown,24
Single-cell & spatial omics,Sweave/knitr,1
Systems biology & ontologies,Jupyter,10
Systems biology & ontologies,Quarto,3
Systems biology & ontologies,R Markdown,18
Systems biology & ontologies,Sweave/knitr,5
Systems biology & ontologies,Wolfram notebook,1
