ranking,rank,source_id,score,packages,first_raw_rank
bioconda,1,github:pysam-developers/pysam,12282748,pysam,1
bioconda,2,github:samtools/samtools,9707033,samtools,2
bioconda,3,github:samtools/htslib,9118220,htslib;tabix,3
bioconda,4,github:samtools/bcftools,4661321,bcftools,4
bioconda,5,github:arq5x/bedtools2,4074077,bedtools,5
bioconda,6,github:benlangmead/bowtie2,3869511,bowtie2,6
bioconda,7,https://gitlab.com/mcfrith/last,3736648,last,7
bioconda,8,https://meme-suite.org/meme/meme-software/5.5.9/meme-5.5.9.tar.gz,3472737,meme,8
bioconda,9,github:ncbi/ncbi-cxx-toolkit-public,3382435,blast,9
bioconda,10,github:bbuchfink/diamond,3028204,diamond,10
bioconda,11,github:broadinstitute/picard,2982579,picard;picard-slim,11
bioconda,12,github:eddyrivaslab/hmmer,2591956,hmmer,12
bioconda,13,github:lh3/bwa,2285259,bwa,13
bioconda,14,github:bioconductor/s4vectors,2207272,bioconductor-s4vectors,14
bioconda,15,github:bioconductor/biocgenerics,2202978,bioconductor-biocgenerics,15
bioconda,16,github:bioconductor/iranges,2174789,bioconductor-iranges,16
bioconda,17,github:bioconductor/biobase,2126121,bioconductor-biobase,17
bioconda,18,github:snakemake/snakemake,2027238,snakemake-minimal;snakemake,19
bioconda,19,github:bioconductor/xvector,2007231,bioconductor-xvector,21
bioconda,20,github:bioconductor/genomicranges,1957521,bioconductor-genomicranges,24
bioconda,21,https://ftp.ncbi.nlm.nih.gov/entrez/entrezdirect/versions/26.0.20260719/edirect.tar.gz,1950018,entrez-direct,26
bioconda,22,github:bbushnell/bbtools,1949531,bbmap,27
bioconda,23,github:pdimens/harpy,1945487,harpy,28
bioconda,24,github:bioconductor/genomeinfodb,1914713,bioconductor-genomeinfodb,29
bioconda,25,github:bioconductor/biostrings,1902417,bioconductor-biostrings,30
bioconda,26,github:bioconductor/biocparallel,1886141,bioconductor-biocparallel,31
bioconda,27,bioconductor:zlibbioc,1851556,bioconductor-zlibbioc,33
bioconda,28,github:bioconductor/summarizedexperiment,1834416,bioconductor-summarizedexperiment,35
bioconda,29,github:bioconductor/delayedarray,1790875,bioconductor-delayedarray,38
bioconda,30,github:alexdobin/star,1777223,star,39
bioconda,31,bioconductor:genomeinfodbdata,1693580,bioconductor-genomeinfodbdata,41
bioconda,32,github:morgannprice/fasttree,1633787,fasttree,42
bioconda,33,github:marcelm/cutadapt,1583771,cutadapt,43
bioconda,34,github:daler/pybedtools,1569302,pybedtools,44
bioconda,35,github:stamatak/standard-raxml,1549290,raxml,45
bioconda,36,github:lh3/minimap2,1540079,minimap2;mappy,46
bioconda,37,github:s-andrews/fastqc,1503503,fastqc,47
bioconda,38,https://gitlab.com/sysimm/mafft,1502496,mafft,48
bioconda,39,github:viennarna/viennarna,1487092,viennarna,49
bioconda,40,github:bioconductor/matrixgenerics,1462876,bioconductor-matrixgenerics,50
bioconda,41,github:compomics/peptide-shaker,1427146,peptide-shaker,51
bioconda,42,github:veg/hyphy,1314315,hyphy,52
bioconda,43,github:smirarab/sepp,1294936,sepp,53
bioconda,44,github:bioconductor/rsamtools,1294777,bioconductor-rsamtools,54
bioconda,45,github:bioconductor/genomicalignments,1266825,bioconductor-genomicalignments,55
bioconda,46,github:marcelm/dnaio,1258317,dnaio,56
bioconda,47,github:ncbi/ncbi-vdb,1246145,ncbi-vdb,57
bioconda,48,github:broadinstitute/gatk,1238705,gatk4;gatk4-spark,58
bioconda,49,github:deeptools/deeptools,1234197,deeptools,59
bioconda,50,github:brentp/cyvcf2,1199768,cyvcf2,60
bioconda,51,github:iqtree/iqtree3,1140975,iqtree,64
bioconda,52,github:htseq/htseq,1113088,htseq,66
bioconda,53,github:bioconductor/rhtslib,1091497,bioconductor-rhtslib,69
bioconda,54,github:deeptools/pybigwig,1074729,pybigwig,70
bioconda,55,github:torognes/vsearch,995945,vsearch,75
bioconda,56,github:bioconductor/annotationdbi,984860,bioconductor-annotationdbi,76
bioconda,57,github:mdshw5/pyfaidx,976993,pyfaidx,77
bioconda,58,github:dnanexus/dx-toolkit,972441,dxpy,78
bioconda,59,github:jeetsukumaran/dendropy,972166,dendropy,79
bioconda,60,github:freebayes/freebayes,929823,freebayes,80
bioconda,61,github:genenotebook/genenotebook,928106,genenotebook,81
bioconda,62,github:multiqc/multiqc,927852,multiqc,82
bioconda,63,bioconductor:limma,924968,bioconductor-limma,83
bioconda,64,github:ablab/spades,920567,spades,84
bioconda,65,github:shenwei356/seqkit,911309,seqkit,85
bioconda,66,github:gpertea/stringtie,873646,stringtie,86
bioconda,67,github:lh3/seqtk,862851,seqtk,88
bioconda,68,github:combine-lab/salmon,832906,salmon,89
bioconda,69,github:opengene/fastp,819201,fastp,90
bioconda,70,github:benlangmead/bowtie,807090,bowtie,91
bioconda,71,github:huber-group-embl/rhdf5,799421,bioconductor-rhdf5,92
bioconda,72,github:ncbi/sra-tools,792214,sra-tools,94
bioconda,73,github:bxlab/bx-python,780040,bx-python,95
bioconda,74,github:bioconda/bioconda-recipes,777606,bioconductor-data-packages;bioconda-repodata-patches,96
bioconda,75,github:huber-group-embl/rhdf5lib,775145,bioconductor-rhdf5lib,97
bioconda,76,github:vcftools/vcftools,769297,vcftools,98
bioconda,77,github:compomics/searchgui,758919,searchgui,99
bioconda,78,github:thelovelab/deseq2,751452,bioconductor-deseq2,100
bioconda,79,github:bioconductor/shortread,749843,bioconductor-shortread,101
bioconda,80,github:bioconductor/keggrest,735324,bioconductor-keggrest,103
bioconda,81,bioconductor:edger,732091,bioconductor-edger,104
bioconda,82,github:rcedgar/muscle,729183,muscle,105
bioconda,83,github:pezmaster31/bamtools,725131,bamtools,106
bioconda,84,github:benjjneb/dada2,722834,bioconductor-dada2,107
bioconda,85,github:gogepp/genoboo,705359,genoboo,110
bioconda,86,github:gaius-augustus/augustus,688911,augustus,111
bioconda,87,github:birollab/abyss,680864,abyss,114
bioconda,88,github:soedinglab/mmseqs2,672817,mmseqs2,117
bioconda,89,github:pcingola/snpeff,656246,snpeff,121
bioconda,90,github:nextflow-io/nextflow,643483,nextflow,125
bioconda,91,github:huber-group-embl/rhdf5filters,640216,bioconductor-rhdf5filters,126
bioconda,92,github:rrwick/unicycler,638726,unicycler,127
bioconda,93,bioconductor:rtracklayer,634870,bioconductor-rtracklayer,128
bioconda,94,github:saigegit/saige,628826,r-saige,129
bioconda,95,bioconductor:singlecellexperiment,625229,bioconductor-singlecellexperiment,130
bioconda,96,github:biocore/unifrac,621347,unifrac,131
bioconda,97,github:ucscgenomebrowser/kent,618051,ucsc-fatotwobit;ucsc-bedgraphtobigwig;ucsc-wigtobigwig;ucsc-bedtobigbed;ucsc-twobittofa;ucsc-twobitinfo;ucsc-liftover,133
bioconda,98,github:steineggerlab/foldseek,615132,foldseek,135
bioconda,99,github:sortmerna/sortmerna,613677,sortmerna,136
bioconda,100,bioconductor:annotate,611284,bioconductor-annotate,140
bioconda,101,github:star-fusion/star-fusion,606269,star-fusion,141
bioconda,102,github:tatami-inc/beachmat,601196,bioconductor-beachmat,143
bioconda,103,github:genometools/genometools,589500,genometools-genometools,149
bioconda,104,http://research-pub.gene.com/gmap/src/gmap-gsnap-2025-07-31.tar.gz,587286,gmap,151
bioconda,105,bioconductor:genefilter,584059,bioconductor-genefilter,153
bioconda,106,github:petehaitch/delayedmatrixstats,583029,bioconductor-delayedmatrixstats,155
bioconda,107,github:snakemake/snakemake-interface-common,580938,snakemake-interface-common,157
bioconda,108,github:snakemake/snakemake-interface-executor-plugins,578866,snakemake-interface-executor-plugins,159
bioconda,109,github:const-ae/sparsematrixstats,574893,bioconductor-sparsematrixstats,161
bioconda,110,github:hyattpd/prodigal,573397,prodigal,162
bioconda,111,github:bioconductor/s4arrays,570576,bioconductor-s4arrays,164
bioconda,112,github:snakemake/snakemake-interface-storage-plugins,555270,snakemake-interface-storage-plugins,168
bioconda,113,github:biocore/deblur,552541,deblur,169
bioconda,114,github:prophyle/prophyle,550071,prophyle,171
bioconda,115,github:bioconductor/sparsearray,545647,bioconductor-sparsearray,172
bioconda,116,https://ftp.ebi.ac.uk/pub/software/clustalw2/2.1/clustalw-2.1.tar.gz,538873,clustalw,174
bioconda,117,github:soedinglab/hh-suite,531310,hhsuite,176
bioconda,118,bioconductor:biocneighbors,525486,bioconductor-biocneighbors,177
bioconda,119,github:ltla/biocsingular,524563,bioconductor-biocsingular,178
bioconda,120,github:snakemake/snakemake-interface-report-plugins,521948,snakemake-interface-report-plugins,179
bioconda,121,https://cpan.metacpan.org/authors/id/c/cj/cjfields/bioperl-1.7.8.tar.gz,511764,perl-bioperl;perl-bioperl-core,184
bioconda,122,github:pdb-redo/libcifpp,507623,libcifpp,185
bioconda,123,bioconductor:scuttle,504671,bioconductor-scuttle,186
bioconda,124,github:biod/sambamba,499132,sambamba,188
bioconda,125,github:jeffdaily/parasail-python,487870,parasail-python,191
bioconda,126,github:ltla/scaledmatrix,481706,bioconductor-scaledmatrix,193
bioconda,127,github:dridk/pyvcf3,481452,pyvcf3,194
bioconda,128,bioconductor:geneplotter,478223,bioconductor-geneplotter,196
bioconda,129,github:pinellolab/crisprme,465127,crisprme,198
bioconda,130,github:ensembl/ensembl-vep,460056,ensembl-vep,199
bioconda,131,github:daehwankimlab/hisat2,457493,hisat2,200
bioconda,132,github:primer3-org/primer3,457299,primer3,201
bioconda,133,https://gitlab.com/ezlab/busco,455570,busco,202
bioconda,134,github:biobakery/metaphlan,448962,metaphlan,203
bioconda,135,github:usadellab/trimmomatic,446182,trimmomatic,206
bioconda,136,https://downloads.sourceforge.net/project/subread/subread-2.1.1/subread-2.1.1-source.tar.gz,445788,subread,207
bioconda,137,github:biopython/biopython,444273,biopython,208
bioconda,138,github:biocore/gneiss,442236,gneiss,209
bioconda,139,github:fulcrumgenomics/fgbio,441247,fgbio,210
bioconda,140,bioconductor:apeglm,439014,bioconductor-apeglm,212
bioconda,141,github:eddyrivaslab/infernal,438981,infernal,213
bioconda,142,github:bcbio/bcbio-nextgen,432632,bcbio-nextgen,218
bioconda,143,github:pcingola/snpsift,428188,snpsift,220
bioconda,144,github:timolassmann/kalign,423032,kalign2,224
bioconda,145,github:bioconductor/hdf5array,421612,bioconductor-hdf5array,226
bioconda,146,github:felixkrueger/trimgalore,418766,trim-galore,228
bioconda,147,github:abacus-gene/paml,415845,paml,229
bioconda,148,https://cpan.metacpan.org/authors/id/c/cj/cjfields/bioperl-run-1.007003.tar.gz,414989,perl-bioperl-run,230
bioconda,149,github:huber-group-embl/biomart,414010,bioconductor-biomart,231
bioconda,150,https://catchenlab.life.illinois.edu/stacks/source/stacks-2.68.tar.gz,413434,stacks,233
bioconda,151,github:bioconductor/genomicfeatures,412368,bioconductor-genomicfeatures,235
bioconda,152,https://cpan.metacpan.org/authors/id/l/ld/lds/bio-samtools-1.43.tar.gz,411735,perl-bio-samtools,237
bioconda,153,github:hasindu2008/slow5tools,411473,slow5tools,238
bioconda,154,https://cpan.metacpan.org/authors/id/c/cj/cjfields/bio-asn1-entrezgene-1.73.tar.gz,407432,perl-bio-asn1-entrezgene,239
bioconda,155,github:ablab/quast,401704,quast,243
bioconda,156,github:yulab-smu/treeio,392644,bioconductor-treeio,251
bioconda,157,http://cpan.metacpan.org/authors/id/c/cj/cjfields/bio-featureio-1.6.905.tar.gz,390745,perl-bio-featureio,252
bioconda,158,github:uwpr/comet,386611,comet-ms,255
bioconda,159,github:trinityrnaseq/trinityrnaseq,384375,trinity,257
bioconda,160,github:althonos/pyhmmer,379137,pyhmmer,260
bioconda,161,github:joachimwolff/vardictjava,373438,vardict-java,263
bioconda,162,https://ftp.ncbi.nih.gov/pub/mmdb/cdd/rpsbproc/20250513_112041/rpsbproc-src.tar.gz,373010,rpsbproc,264
bioconda,163,github:oxpig/anarci,369359,anarci,267
bioconda,164,github:varlociraptor/varlociraptor,367861,varlociraptor,268
bioconda,165,github:bioconductor/biocio,366970,bioconductor-biocio,269
bioconda,166,github:open2c/cooltools,366664,cooltools,270
bioconda,167,http://www.clustal.org/omega/clustal-omega-1.2.4.tar.gz,361611,clustalo,272
bioconda,168,github:bioconductor/biocfilecache,361190,bioconductor-biocfilecache,273
bioconda,169,https://cpan.metacpan.org/authors/id/c/cd/cdraug/bio-tools-phylo-paml-1.7.3.tar.gz,360493,perl-bio-tools-phylo-paml,274
bioconda,170,https://cpan.metacpan.org/authors/id/c/cj/cjfields/bio-coordinate-1.007001.tar.gz,358831,perl-bio-coordinate,275
bioconda,171,https://cpan.metacpan.org/authors/id/c/cd/cdraug/bio-tools-run-alignment-clustalw-1.7.4.tar.gz,357145,perl-bio-tools-run-alignment-clustalw,276
bioconda,172,github:martinsos/edlib,355950,python-edlib,277
bioconda,173,github:voutcn/megahit,355047,megahit,279
bioconda,174,github:pyranges/pyranges0,354916,pyranges,280
bioconda,175,https://cpan.metacpan.org/authors/id/c/cd/cdraug/bio-tools-run-alignment-tcoffee-1.7.4.tar.gz,353551,perl-bio-tools-run-alignment-tcoffee,281
bioconda,176,github:nanoporetech/medaka,351635,medaka,283
bioconda,177,bioconductor:multtest,349954,bioconductor-multtest,284
bioconda,178,github:tseemann/mlst,349641,mlst,285
bioconda,179,github:snakemake/snakemake-interface-logger-plugins,342578,snakemake-interface-logger-plugins,286
bioconda,180,github:rust-bio/rust-bio-tools,334961,rust-bio-tools,289
bioconda,181,github:cov-lineages/pango-designation,334008,pango-designation,290
bioconda,182,github:biocore/unifrac-binaries,333154,unifrac-binaries,291
bioconda,183,github:ucsc-lowelab/trnascan-se,328803,trnascan-se,293
bioconda,184,github:marionilab/scran,328350,bioconductor-scran,294
bioconda,185,github:marbl/mash,327700,mash,295
bioconda,186,bioconductor:bluster,326600,bioconductor-bluster,296
bioconda,187,github:open2c/cooler,324604,cooler,297
bioconda,188,github:nextstrain/augur,323568,augur,299
bioconda,189,github:pyranges/ncls,314251,ncls,302
bioconda,190,github:chapmanb/bcbb,311613,bcbio-gff,304
bioconda,191,github:biocore/improved-octo-waddle,310445,iow,306
bioconda,192,github:sourmash-bio/sourmash,310321,sourmash,307
bioconda,193,github:peterjc/thapbi-pict,309363,thapbi-pict,309
bioconda,194,github:pachterlab/kallisto,308370,kallisto,311
bioconda,195,github:althonos/pyrodigal,306890,pyrodigal,312
bioconda,196,github:bioconductor/bsgenome,306357,bioconductor-bsgenome,313
bioconda,197,github:storeylab/qvalue,306161,bioconductor-qvalue,314
bioconda,198,github:joey711/phyloseq,305728,bioconductor-phyloseq,315
bioconda,199,github:bioconda/bioconda-utils,305081,bioconda-utils,316
bioconda,200,bioconductor:scater,304978,bioconductor-scater,317
bioconda,201,github:zqfang/gseapy,302064,gseapy,320
bioconda,202,github:smirarab/pasta,301533,pasta,322
bioconda,203,github:hasindu2008/f5c,299681,f5c,323
bioconda,204,https://bitbucket.org/genomicepidemiology/kma,298746,kma,324
bioconda,205,github:galaxyproject/galaxy-lib,298428,galaxy-lib,325
bioconda,206,github:yatisht/usher,296983,usher,326
bioconda,207,github:gregoryfaust/samblaster,292958,samblaster,331
bioconda,208,bioconductor:go.db,292489,bioconductor-go.db,333
bioconda,209,github:joey711/biomformat,291220,bioconductor-biomformat,334
bioconda,210,github:vcflib/vcflib,290215,vcflib,337
bioconda,211,github:brentp/mosdepth,289182,mosdepth,338
bioconda,212,github:molpopgen/fwdpy11,288151,fwdpy11,339
bioconda,213,github:daler/gffutils,286879,gffutils,341
bioconda,214,github:ecogenomics/gtdbtk,284041,gtdbtk,345
bioconda,215,github:natir/yacrd,282116,yacrd,349
bioconda,216,github:cgatoxford/umi-tools,281473,umi_tools,352
bioconda,217,https://depot.galaxyproject.org/software/emboss/emboss_6.6.0_src_all.tar.gz,280813,emboss,353
bioconda,218,github:ariloytynoja/prank-msa,279661,prank,356
bioconda,219,github:mtmorgan/dirichletmultinomial,278392,bioconductor-dirichletmultinomial,357
bioconda,220,http://circos.ca/distribution/circos-0.69-9.tgz,277800,circos,358
bioconda,221,github:gmod/jbrowse-components,277335,jbrowse2,359
bioconda,222,github:molpopgen/libsequence,274935,libsequence,362
bioconda,223,github:mikolmogorov/flye,273658,flye,363
bioconda,224,github:const-ae/glmgampoi,273457,bioconductor-glmgampoi,364
bioconda,225,github:lbcb-sci/racon,272855,racon,365
bioconda,226,github:ltla/metapod,269681,bioconductor-metapod,368
bioconda,227,github:etal/cnvkit,267648,cnvkit,372
bioconda,228,https://pypi.io/packages/source/p/pybiolib/pybiolib-1.4.551.tar.gz,267003,pybiolib,375
bioconda,229,github:karel-brinda/samsift,263973,samsift,380
bioconda,230,github:tseemann/prokka,263543,prokka,382
bioconda,231,github:bactopia/bactopia,262433,bactopia,384
bioconda,232,github:snakemake/snakemake-interface-scheduler-plugins,256986,snakemake-interface-scheduler-plugins,386
bioconda,233,github:bedops/bedops,256797,bedops,387
bioconda,234,github:ei-corebioinformatics/portcullis,256749,portcullis,388
bioconda,235,github:momentsld/moments,256419,moments,389
bioconda,236,github:cbcrg/tcoffee,256258,t-coffee,390
bioconda,237,github:lmdu/pyfastx,255628,pyfastx,391
bioconda,238,github:deweylab/rsem,250405,rsem,393
bioconda,239,github:whatshap/whatshap,250354,whatshap,394
bioconda,240,github:mateidavid/fast5,248917,fast5,395
bioconda,241,github:weizhongli/cdhit,246723,cd-hit,397
bioconda,242,https://ccb.jhu.edu/software/glimmerhmm/dl/glimmerhmm-3.0.4.tar.gz,246537,glimmerhmm,398
bioconda,243,github:wdecoster/nanoplot,246387,nanoplot,399
bioconda,244,github:tanghaibao/jcvi,245839,jcvi,400
bioconda,245,bioconductor:decipher,244955,bioconductor-decipher,401
bioconda,246,github:backofenlab/intarna,244621,intarna,403
bioconda,247,https://bitbucket.org/kokonech/qualimap,243650,qualimap,405
bioconda,248,github:deeptools/py2bit,239842,py2bit,411
bioconda,249,bioconductor:dnacopy,239256,bioconductor-dnacopy,412
bioconda,250,github:maximilianh/cellbrowser,236723,ucsc-cell-browser,413
bioconda,251,github:ebi-gene-expression-group/scanpy-scripts,236371,scanpy-scripts,414
bioconda,252,github:nextstrain/nextclade,234731,nextclade,421
bioconda,253,github:arvados/arvados,234257,arvados-python-client,423
bioconda,254,github:tseemann/barrnap,233069,barrnap,425
bioconda,255,github:waldronlab/multiassayexperiment,232879,bioconductor-multiassayexperiment,426
bioconda,256,github:ebivariation/eva-sub-cli,231782,eva-sub-cli,428
bioconda,257,github:sbg/sevenbridges-python,231650,sevenbridges-python,429
bioconda,258,http://www.bioinf.uni-leipzig.de/software/segemehl/downloads/segemehl-0.3.4.tar.gz,230891,segemehl,431
bioconda,259,github:yulab-smu/ggtree,230231,bioconductor-ggtree,432
bioconda,260,github:transdecoder/transdecoder,229779,transdecoder,433
bioconda,261,http://www.ansikte.se/aragorn/downloads/aragorn1.2.41.c,229653,aragorn,434
bioconda,262,github:neufeld/pandaseq,229368,pandaseq,435
bioconda,263,github:yulab-smu/dose,228330,bioconductor-dose,437
bioconda,264,https://depot.galaxyproject.org/software/abundancebin/abundancebin_1.0.1_src_all.tar.gz,228228,abundancebin,438
bioconda,265,github:benjjneb/decontam,227565,bioconductor-decontam,441
bioconda,266,github:stuart-lab/signac,227345,r-signac,442
bioconda,267,github:pyranges/sorted_nearest,226948,sorted_nearest,443
bioconda,268,github:macs3-project/macs,226316,macs2,444
bioconda,269,bioconductor:variantannotation,225530,bioconductor-variantannotation,446
bioconda,270,github:deeptools/hicexplorer,224740,hicexplorer,449
bioconda,271,github:derrickwood/kraken2,223847,kraken2,451
bioconda,272,github:arpcard/rgi,223537,rgi,452
bioconda,273,bioconductor:org.hs.eg.db,222832,bioconductor-org.hs.eg.db,454
bioconda,274,github:alserglab/fgsea,222156,bioconductor-fgsea,456
bioconda,275,bioconductor:diffbind,220849,bioconductor-diffbind,459
bioconda,276,github:philres/ngmlr,220800,ngmlr,460
bioconda,277,bioconductor:graph,218421,bioconductor-graph,465
bioconda,278,github:yulab-smu/gosemsim,218116,bioconductor-gosemsim,466
bioconda,279,github:illumina/interop,216843,illumina-interop,467
bioconda,280,github:dereneaton/ipyrad,216336,ipyrad,468
bioconda,281,github:ncbi/ngs,216303,ncbi-ngs-sdk,469
bioconda,282,github:nanoporetech/pod5-file-format,215232,lib-pod5,470
bioconda,283,github:ncbi/amr,213359,ncbi-amrfinderplus,471
bioconda,284,github:lh3/trimadap,212537,trimadap,472
bioconda,285,github:4dn-dcic/pairix,211414,pairix,475
bioconda,286,bioconductor:treesummarizedexperiment,210989,bioconductor-treesummarizedexperiment,476
bioconda,287,github:virus-evolution/gofasta,210667,gofasta,478
bioconda,288,github:thelovelab/tximport,209963,bioconductor-tximport,481
bioconda,289,github:neherlab/treetime,209574,treetime,482
bioconda,290,github:bioconductor/biocbaseutils,208123,bioconductor-biocbaseutils,486
bioconda,291,github:atks/vt,207103,vt,489
bioconda,292,github:bihealth/vcfpy,206962,vcfpy,490
bioconda,293,github:prihoda/abnumber,206680,abnumber,492
bioconda,294,https://cpan.metacpan.org/authors/id/c/cj/cjfields/bio-searchio-hmmer-1.7.3.tar.gz,206347,perl-bio-searchio-hmmer,493
bioconda,295,github:wdecoster/nanoget,205875,nanoget,495
bioconda,296,github:usda-ars-gbru/itsxpress,205368,itsxpress,496
bioconda,297,github:mothur/mothur,205285,mothur,497
bioconda,298,github:bmbolstad/preprocesscore,204172,bioconductor-preprocesscore,502
bioconda,299,https://downloads.sourceforge.net/project/poamsa/poamsa/2.0/poav2.tar.gz,204001,poa,506
bioconda,300,https://gitlab.com/paulklemm_phd/proteinortho,202448,proteinortho,511
bioconductor,1,bioconductor:biocversion,74641,BiocVersion,1
bioconductor,2,github:bioconductor/biocgenerics,72357,BiocGenerics,2
bioconductor,3,github:bioconductor/s4vectors,70190,S4Vectors,3
bioconductor,4,github:bioconductor/iranges,66203,IRanges,4
bioconductor,5,github:bioconductor/biobase,61953,Biobase,5
bioconductor,6,github:bioconductor/xvector,61604,XVector,6
bioconductor,7,github:bioconductor/biocparallel,60447,BiocParallel,7
bioconductor,8,github:bioconductor/sparsearray,56902,SparseArray,8
bioconductor,9,github:bioconductor/biostrings,55981,Biostrings,9
bioconductor,10,github:bioconductor/genomicranges,54735,GenomicRanges,10
bioconductor,11,github:bioconductor/delayedarray,54703,DelayedArray,11
bioconductor,12,github:bioconductor/summarizedexperiment,51236,SummarizedExperiment,12
bioconductor,13,github:bioconductor/s4arrays,50845,S4Arrays,13
bioconductor,14,github:bioconductor/matrixgenerics,50687,MatrixGenerics,14
bioconductor,15,github:bioconductor/annotationdbi,45960,AnnotationDbi,15
bioconductor,16,github:bioconductor/keggrest,44421,KEGGREST,16
bioconductor,17,bioconductor:limma,42915,limma,17
bioconductor,18,github:bioconductor/genomeinfodb,42491,GenomeInfoDb,18
bioconductor,19,github:bioconductor/seqinfo,39920,Seqinfo,19
bioconductor,20,github:yulab-smu/ggtree,33070,ggtree,20
bioconductor,21,github:thelovelab/deseq2,31328,DESeq2,21
bioconductor,22,github:yulab-smu/treeio,30493,treeio,22
bioconductor,23,github:bioconductor/rsamtools,30288,Rsamtools,23
bioconductor,24,bioconductor:edger,29733,edgeR,24
bioconductor,25,github:bioconductor/biocfilecache,29497,BiocFileCache,25
bioconductor,26,github:yulab-smu/enrichplot,28774,enrichplot,26
bioconductor,27,github:alserglab/fgsea,28193,fgsea,27
bioconductor,28,github:bioconductor/ucsc.utils,27998,UCSC.utils,28
bioconductor,29,github:yulab-smu/clusterprofiler,27991,clusterProfiler,29
bioconductor,30,github:huber-group-embl/rhdf5lib,27671,Rhdf5lib,30
bioconductor,31,github:yulab-smu/dose,27313,DOSE,31
bioconductor,32,github:bioconductor/rhtslib,27141,Rhtslib,32
bioconductor,33,github:huber-group-embl/rhdf5,26484,rhdf5,33
bioconductor,34,github:storeylab/qvalue,26468,qvalue,34
bioconductor,35,github:yulab-smu/gosemsim,26164,GOSemSim,35
bioconductor,36,github:bioconductor/genomicalignments,25986,GenomicAlignments,36
bioconductor,37,github:huber-group-embl/rhdf5filters,25162,rhdf5filters,37
bioconductor,38,bioconductor:rtracklayer,24920,rtracklayer,38
bioconductor,39,bioconductor:graph,24782,graph,39
bioconductor,40,github:huber-group-embl/biomart,24443,biomaRt,40
bioconductor,41,github:jokergoo/complexheatmap,22841,ComplexHeatmap,41
bioconductor,42,bioconductor:singlecellexperiment,22784,SingleCellExperiment,42
bioconductor,43,github:bioconductor/biocio,22169,BiocIO,43
bioconductor,44,bioconductor:zlibbioc,22055,zlibbioc,44
bioconductor,45,bioconductor:annotate,21560,annotate,45
bioconductor,46,github:tatami-inc/beachmat,20842,beachmat,46
bioconductor,47,github:const-ae/sparsematrixstats,20110,sparseMatrixStats,47
bioconductor,48,github:bioconductor/hdf5array,18935,HDF5Array,48
bioconductor,49,github:bioconductor/genomicfeatures,18930,GenomicFeatures,49
bioconductor,50,github:petehaitch/delayedmatrixstats,18799,DelayedMatrixStats,50
bioconductor,51,github:ltla/assorthead,18107,assorthead,51
bioconductor,52,github:bmbolstad/preprocesscore,17927,preprocessCore,52
bioconductor,53,github:ltla/biocsingular,17343,BiocSingular,53
bioconductor,54,github:ltla/scaledmatrix,16457,ScaledMatrix,54
bioconductor,55,bioconductor:biocneighbors,15128,BiocNeighbors,55
bioconductor,56,github:bioconductor/annotationhub,14870,AnnotationHub,56
bioconductor,57,github:seandavi/geoquery,14795,GEOquery,57
bioconductor,58,bioconductor:genefilter,14765,genefilter,58
bioconductor,59,github:bioconductor/bsgenome,14148,BSgenome,59
bioconductor,60,github:bioconductor/cigarillo,14040,cigarillo,60
bioconductor,61,github:bioconductor/biocbaseutils,14005,BiocBaseUtils,61
bioconductor,62,bioconductor:impute,13809,impute,62
bioconductor,63,bioconductor:multtest,13741,multtest,63
bioconductor,64,github:bioconductor/h5mread,13675,h5mread,64
bioconductor,65,github:rformassspectrometry/protgenerics,12905,ProtGenerics,65
bioconductor,66,bioconductor:scuttle,12844,scuttle,66
bioconductor,67,bioconductor:gseabase,12759,GSEABase,67
bioconductor,68,github:bioconductor/annotationfilter,12637,AnnotationFilter,68
bioconductor,69,github:rcastelo/gsva,11755,GSVA,69
bioconductor,70,bioconductor:dir.expiry,11059,dir.expiry,70
bioconductor,71,bioconductor:scater,11044,scater,71
bioconductor,72,github:jorainer/ensembldb,10865,ensembldb,72
bioconductor,73,bioconductor:rgraphviz,10756,Rgraphviz,73
bioconductor,74,bioconductor:sva,10633,sva,74
bioconductor,75,bioconductor:rbgl,10477,RBGL,75
bioconductor,76,github:bioconductor/experimenthub,10368,ExperimentHub,76
bioconductor,77,github:bmbolstad/affyio,9915,affyio,77
bioconductor,78,github:rafalab/affy,9806,affy,78
bioconductor,79,bioconductor:variantannotation,9757,VariantAnnotation,79
bioconductor,80,github:drighelli/spatialexperiment,9644,SpatialExperiment,80
bioconductor,81,bioconductor:bluster,9553,bluster,81
bioconductor,82,github:bioconductor/pwalign,8986,pwalign,82
bioconductor,83,github:waldronlab/multiassayexperiment,8906,MultiAssayExperiment,83
bioconductor,84,github:marionilab/scran,8655,scran,84
bioconductor,85,github:bioconductor/biocstyle,8233,BiocStyle,85
bioconductor,86,github:ltla/metapod,7995,metapod,86
bioconductor,87,github:joey711/phyloseq,7797,phyloseq,87
bioconductor,88,github:bioconductor/shortread,7516,ShortRead,88
bioconductor,89,github:joey711/biomformat,7463,biomformat,89
bioconductor,90,github:kevinblighe/enhancedvolcano,7396,EnhancedVolcano,90
bioconductor,91,github:huber-group-embl/vsn,7019,vsn,91
bioconductor,92,github:hredestig/pcamethods,6955,pcaMethods,92
bioconductor,93,github:const-ae/glmgampoi,6780,glmGamPoi,93
bioconductor,94,bioconductor:apeglm,6723,apeglm,94
bioconductor,95,bioconductor:kegggraph,6658,KEGGgraph,95
bioconductor,96,bioconductor:biovizbase,6476,biovizBase,96
bioconductor,97,github:bioinformaticsfmrp/tcgabiolinks,6466,TCGAbiolinks,97
bioconductor,98,github:sales-lab/graphite,6395,graphite,98
bioconductor,99,github:singler-inc/singler,6291,SingleR,99
bioconductor,100,github:yulab-smu/reactomepa,6164,ReactomePA,100
bioconductor,101,github:bioconductor/txdbmaker,5805,txdbmaker,101
bioconductor,102,github:mtmorgan/dirichletmultinomial,5789,DirichletMultinomial,102
bioconductor,103,github:bioconductor/biocviews,5635,biocViews,103
bioconductor,104,github:datapplab/pathview,5539,pathview,104
bioconductor,105,github:artifactdb/alabaster.base,5434,alabaster.base,105
bioconductor,106,github:ltla/biocmake,5342,biocmake,106
bioconductor,107,bioconductor:batchelor,5297,batchelor,107
bioconductor,108,github:thelovelab/tximport,5262,tximport,108
bioconductor,109,github:ltla/residualmatrix,5212,ResidualMatrix,109
bioconductor,110,github:ltla/basilisk,5154,basilisk,110
bioconductor,111,bioconductor:alabaster.matrix,5132,alabaster.matrix,111
bioconductor,112,bioconductor:alabaster.ranges,5054,alabaster.ranges,112
bioconductor,113,bioconductor:alabaster.se,5036,alabaster.se,113
bioconductor,114,github:sneumann/mzr,5028,mzR,114
bioconductor,115,github:mixomics-org/mixomics,4936,mixOmics,115
bioconductor,116,bioconductor:alabaster.schemas,4917,alabaster.schemas,116
bioconductor,117,github:artifactdb/gypsum-r,4856,gypsum,117
bioconductor,118,github:lgatto/msnbase,4832,MSnbase,118
bioconductor,119,github:rformassspectrometry/mscoreutils,4732,MsCoreUtils,119
bioconductor,120,bioconductor:dnacopy,4692,DNAcopy,120
bioconductor,121,github:plger/scdblfinder,4681,scDblFinder,121
bioconductor,122,bioconductor:geneplotter,4337,geneplotter,122
bioconductor,123,bioconductor:decipher,4295,DECIPHER,123
bioconductor,124,bioconductor:siggenes,4281,siggenes,124
bioconductor,125,github:ge11232002/tfbstools,4231,TFBSTools,125
bioconductor,126,bioconductor:mzid,4204,mzID,126
bioconductor,127,bioconductor:aucell,4189,AUCell,127
bioconductor,128,github:rformassspectrometry/qfeatures,4177,QFeatures,128
bioconductor,129,bioconductor:monocle,4170,monocle,129
bioconductor,130,github:ivanek/gviz,4162,Gviz,130
bioconductor,131,github:ivanek/seqlogo,4158,seqLogo,131
bioconductor,132,github:rformassspectrometry/spectra,4149,Spectra,132
bioconductor,133,bioconductor:flowcore,3965,flowCore,133
bioconductor,134,bioconductor:stringdb,3958,STRINGdb,134
bioconductor,135,github:ltla/trajectoryutils,3939,TrajectoryUtils,135
bioconductor,136,github:kstreet13/slingshot,3908,slingshot,136
bioconductor,137,github:theislab/zellkonverter,3843,zellkonverter,137
bioconductor,138,github:henrikbengtsson/illuminaio,3812,illuminaio,138
bioconductor,139,github:benilton/oligo,3710,oligo,139
bioconductor,140,github:benjjneb/dada2,3655,dada2,140
bioconductor,141,github:rformassspectrometry/metabocoreutils,3646,MetaboCoreUtils,141
bioconductor,142,bioconductor:consensusclusterplus,3632,ConsensusClusterPlus,142
bioconductor,143,github:aoles/ebimage,3625,EBImage,143
bioconductor,144,bioconductor:organismdbi,3554,OrganismDbi,144
bioconductor,145,github:rafalab/bumphunter,3541,bumphunter,145
bioconductor,146,github:rformassspectrometry/psmatch,3526,PSMatch,146
bioconductor,147,bioconductor:dropletutils,3490,DropletUtils,147
bioconductor,148,bioconductor:cytolib,3423,cytolib,148
bioconductor,149,github:hansenlab/minfi,3384,minfi,149
bioconductor,150,bioconductor:rprotobuflib,3360,RProtoBufLib,150
bioconductor,151,github:yulab-smu/chipseeker,3359,ChIPseeker,151
bioconductor,152,bioconductor:basilisk.utils,3341,basilisk.utils,152
bioconductor,153,github:lawremi/ggbio,3288,ggbio,153
bioconductor,154,github:poisonalien/maftools,3273,maftools,154
bioconductor,155,github:rglab/mast,3227,MAST,155
bioconductor,156,bioconductor:treesummarizedexperiment,3117,TreeSummarizedExperiment,156
bioconductor,157,github:carmonalab/ucell,3097,UCell,157
bioconductor,158,github:saezlab/decoupler,3053,decoupleR,158
bioconductor,159,github:zhengxwen/gdsfmt,3027,gdsfmt,159
bioconductor,160,bioconductor:oligoclasses,2996,oligoClasses,160
bioconductor,161,github:sneumann/xcms,2964,xcms,161
bioconductor,162,bioconductor:snpstats,2933,snpStats,162
bioconductor,163,github:federicomarini/topgo,2875,topGO,163
bioconductor,164,github:bioconductor/bioccheck,2874,BiocCheck,164
bioconductor,165,bioconductor:interactivedisplaybase,2865,interactiveDisplayBase,165
bioconductor,166,github:henrikbengtsson/affxparser,2818,affxparser,166
bioconductor,167,github:microbiome/microbiome,2812,microbiome,167
bioconductor,168,bioconductor:marray,2697,marray,168
bioconductor,169,github:bioconductor/annotationforge,2689,AnnotationForge,169
bioconductor,170,github:zeehio/massspecwavelet,2684,MassSpecWavelet,170
bioconductor,171,github:ubod/msa,2650,msa,171
bioconductor,172,bioconductor:regioner,2621,regioneR,172
bioconductor,173,github:diseaseneurogenomics/variancepartition,2577,variancePartition,173
bioconductor,174,github:benjjneb/decontam,2576,decontam,174
bioconductor,175,github:zhengxwen/snprelate,2572,SNPRelate,175
bioconductor,176,bioconductor:rsubread,2571,Rsubread,176
bioconductor,177,github:microbiome/mia,2539,mia,177
bioconductor,178,github:frederickhuanglin/ancombc,2527,ANCOMBC,178
bioconductor,179,github:davislaboratory/singscore,2522,singscore,179
bioconductor,180,bioconductor:globaltest,2513,globaltest,180
bioconductor,181,github:hcbravolab/metagenomeseq,2491,metagenomeSeq,181
bioconductor,182,bioconductor:ropls,2480,ropls,182
bioconductor,183,github:yulab-smu/ggtreeextra,2432,ggtreeExtra,183
bioconductor,184,bioconductor:multidataset,2429,MultiDataSet,184
bioconductor,185,bioconductor:tkwidgets,2365,tkWidgets,185
bioconductor,186,bioconductor:dexseq,2359,DEXSeq,186
bioconductor,187,github:hcbravolab/wrench,2326,Wrench,187
bioconductor,188,github:ge11232002/cner,2321,CNEr,188
bioconductor,189,github:broadinstitute/infercnv,2294,infercnv,189
bioconductor,190,github:libscran/scrapper,2284,scrapper,190
bioconductor,191,bioconductor:flowworkspace,2278,flowWorkspace,191
bioconductor,192,bioconductor:widgettools,2260,widgetTools,192
bioconductor,193,bioconductor:motifmatchr,2259,motifmatchr,193
bioconductor,194,github:drisso/edaseq,2238,EDASeq,195
bioconductor,195,github:hansenlab/bsseq,2238,bsseq,194
bioconductor,196,github:rformassspectrometry/msfeatures,2218,MsFeatures,196
bioconductor,197,github:seandavi/methylumi,2210,methylumi,197
bioconductor,198,github:henrikbengtsson/aroma.light,2185,aroma.light,198
bioconductor,199,github:thelovelab/tximeta,2176,tximeta,199
bioconductor,200,bioconductor:interactionset,2174,InteractionSet,200
bioconductor,201,bioconductor:dyndoc,2164,DynDoc,201
bioconductor,202,github:saezlab/omnipathr,2129,OmnipathR,202
bioconductor,203,bioconductor:survcomp,2128,survcomp,203
bioconductor,204,bioconductor:ncdfflow,2119,ncdfFlow,204
bioconductor,205,github:ggloor/aldex_bioc,2085,ALDEx2,205
bioconductor,206,github:libscran/rigraphlib,2077,Rigraphlib,206
bioconductor,207,bioconductor:gostats,2054,GOstats,207
bioconductor,208,github:tgirke/systempiper,2028,systemPipeR,208
bioconductor,209,bioconductor:category,2020,Category,209
bioconductor,210,bioconductor:genie3,2000,GENIE3,210
bioconductor,211,github:alyssafrazee/ballgown,1993,ballgown,211
bioconductor,212,github:federicomarini/goseq,1970,goseq,212
bioconductor,213,github:rformassspectrometry/msexperiment,1963,MsExperiment,213
bioconductor,214,bioconductor:flowviz,1952,flowViz,214
bioconductor,215,bioconductor:mfuzz,1949,Mfuzz,215
bioconductor,216,bioconductor:diffbind,1940,DiffBind,216
bioconductor,217,github:bmbolstad/affyplm,1934,affyPLM,217
bioconductor,218,bioconductor:gcrma,1931,gcrma,218
bioconductor,219,bioconductor:lumi,1890,lumi,219
bioconductor,220,bioconductor:flowclust,1848,flowClust,220
bioconductor,221,github:vjcitn/roc,1836,ROC,221
bioconductor,222,bioconductor:chromvar,1827,chromVAR,222
bioconductor,223,github:statomics/tradeseq,1814,tradeSeq,223
bioconductor,224,github:lamortenera/bamsignals,1802,bamsignals,224
bioconductor,225,github:bjmt/universalmotif,1770,universalmotif,225
bioconductor,226,github:powellgenomicslab/nebulosa,1737,Nebulosa,226
bioconductor,227,github:rglab/ggcyto,1734,ggcyto,227
bioconductor,228,bioconductor:viper,1729,viper,228
bioconductor,229,github:campbio/celda,1723,celda,229
bioconductor,230,bioconductor:globalancova,1697,GlobalAncova,230
bioconductor,231,bioconductor:flowsom,1693,FlowSOM,231
bioconductor,232,github:huber-group-embl/lpsymphony,1691,lpsymphony,232
bioconductor,233,github:tidyomics/plyranges,1653,plyranges,233
bioconductor,234,github:bernatgel/karyoploter,1650,karyoploteR,234
bioconductor,235,github:marionilab/milor,1646,miloR,235
bioconductor,236,bioconductor:opencyto,1636,openCyto,236
bioconductor,237,github:theislab/destiny,1633,destiny,237
bioconductor,238,github:aertslab/rcistarget,1631,RcisTarget,238
bioconductor,239,bioconductor:missmethyl,1629,missMethyl,239
bioconductor,240,bioconductor:dittoseq,1622,dittoSeq,240
bioconductor,241,github:jokergoo/simplifyenrichment,1611,simplifyEnrichment,241
bioconductor,242,bioconductor:greylistchip,1607,GreyListChIP,242
bioconductor,243,github:biofam/mofa2,1607,MOFA2,243
bioconductor,244,bioconductor:alabaster.sce,1584,alabaster.sce,244
bioconductor,245,github:jokergoo/enrichedheatmap,1583,EnrichedHeatmap,245
bioconductor,246,bioconductor:dmrcate,1569,DMRcate,246
bioconductor,247,github:kevinblighe/pcatools,1567,PCAtools,247
bioconductor,248,github:zhengxwen/seqarray,1558,SeqArray,248
bioconductor,249,bioconductor:ihw,1549,IHW,249
bioconductor,250,github:bioconductor/genomicdatacommons,1544,GenomicDataCommons,250
bioconductor,251,github:alexg9010/fastseg,1538,fastseg,251
bioconductor,252,bioconductor:chippeakanno,1532,ChIPpeakAnno,252
bioconductor,253,github:bioconductor/raggedexperiment,1528,RaggedExperiment,253
bioconductor,254,github:datapplab/gage,1498,gage,254
bioconductor,255,github:saezlab/progeny,1484,progeny,255
bioconductor,256,github:helenalc/muscat,1467,muscat,256
bioconductor,257,github:girke-lab/chemminer,1457,ChemmineR,257
bioconductor,258,github:al2na/methylkit,1456,methylKit,258
bioconductor,259,github:bioconductor/genomicfiles,1453,GenomicFiles,259
bioconductor,260,github:drisso/ruvseq,1445,RUVSeq,260
bioconductor,261,github:cytoscape/rcy3,1430,RCy3,261
bioconductor,262,bioconductor:motifdb,1421,MotifDb,263
bioconductor,263,github:mritchielab/glimmav2,1421,Glimma,262
bioconductor,264,bioconductor:quantiseqr,1409,quantiseqr,264
bioconductor,265,bioconductor:spia,1408,SPIA,265
bioconductor,266,github:biobakery/maaslin2,1380,Maaslin2,266
bioconductor,267,github:zwdzwd/sesame,1380,sesame,267
bioconductor,268,github:rglab/flowstats,1378,flowStats,268
bioconductor,269,bioconductor:seqpattern,1374,seqPattern,269
bioconductor,270,github:sjczheng/epidish,1372,EpiDISH,270
bioconductor,271,github:bimsbbioinfo/genomation,1361,genomation,271
bioconductor,272,bioconductor:geneoverlap,1349,GeneOverlap,272
bioconductor,273,bioconductor:motifstack,1345,motifStack,273
bioconductor,274,bioconductor:watermelon,1339,wateRmelon,274
bioconductor,275,github:waldronlab/tcgautils,1331,TCGAutils,275
bioconductor,276,bioconductor:dss,1322,DSS,276
bioconductor,277,bioconductor:beadarray,1312,beadarray,277
bioconductor,278,github:bioconductor/uniprot.ws,1299,UniProt.ws,278
bioconductor,279,bioconductor:trackviewer,1285,trackViewer,279
bioconductor,280,github:drisso/zinbwave,1283,zinbwave,280
bioconductor,281,bioconductor:reportingtools,1259,ReportingTools,281
bioconductor,282,github:jokergoo/rgreat,1249,rGREAT,282
bioconductor,283,bioconductor:champ,1243,ChAMP,283
bioconductor,284,bioconductor:minet,1240,minet,285
bioconductor,285,github:smgogarten/gwastools,1240,GWASTools,284
bioconductor,286,github:scverse/anndatar,1221,anndataR,286
bioconductor,287,github:lieberinstitute/recount3,1217,recount3,287
bioconductor,288,bioconductor:msstats,1206,MSstats,288
bioconductor,289,bioconductor:safe,1204,safe,289
bioconductor,290,bioconductor:chipseq,1200,chipseq,290
bioconductor,291,bioconductor:mlinterfaces,1199,MLInterfaces,291
bioconductor,292,bioconductor:microrna,1191,microRNA,292
bioconductor,293,github:rglab/cytoml,1187,CytoML,293
bioconductor,294,bioconductor:scds,1182,scds,294
bioconductor,295,github:jokergoo/simona,1182,simona,295
bioconductor,296,github:sneumann/rdisop,1177,Rdisop,296
bioconductor,297,github:lcolladotor/derfinder,1172,derfinder,297
bioconductor,298,github:rcavalcante/annotatr,1170,annotatr,298
bioconductor,299,github:borchlab/screpertoire,1169,scRepertoire,299
bioconductor,300,github:lgatto/proloc,1163,pRoloc,300
pypi,1,github:rdkit/rdkit,4420489,rdkit;rdkit-pypi,3
pypi,2,github:biopython/biopython,3955738,biopython,5
pypi,3,github:nipy/nibabel,1792174,nibabel,8
pypi,4,github:project-gemmi/gemmi,1402457,gemmi,9
pypi,5,github:scverse/anndata,1249332,anndata,10
pypi,6,github:mcs07/pubchempy,1110032,pubchempy,11
pypi,7,github:pysam-developers/pysam,1083777,pysam,12
pypi,8,github:biotite-dev/biotite,778918,biotite,13
pypi,9,github:scverse/scanpy,721639,scanpy,15
pypi,10,github:prefixcommons/prefixcommons-py,460892,prefixcommons,20
pypi,11,github:linkml/prefixmaps,460232,prefixmaps,21
pypi,12,github:libnano/primer3-py,352222,primer3-py,23
pypi,13,github:mdshw5/pyfaidx,345027,pyfaidx,24
pypi,14,github:mne-tools/mne-python,341667,mne,26
pypi,15,github:levitsky/pyteomics,290671,pyteomics,28
pypi,16,github:ccpem/mrcfile,269738,mrcfile,29
pypi,17,github:smart-on-fhir/client-py,269382,fhirclient,30
pypi,18,github:martinsos/edlib,253747,edlib,31
pypi,19,github:3dmol/3dmol.js,251203,py3dmol,32
pypi,20,github:biothings/biothings_client.py,235388,biothings-client,36
pypi,21,github:biothings/mygene.py,229131,mygene,37
pypi,22,github:snakemake/snakemake,184004,snakemake,38
pypi,23,github:openms/openms,177983,pyopenms,40
pypi,24,github:mdanalysis/mdanalysis,177011,mdanalysis,41
pypi,25,github:zqfang/gseapy,175593,gseapy,42
pypi,26,github:mdtraj/mdtraj,174402,mdtraj,43
pypi,27,github:openslide/openslide-python,173744,openslide-python,44
pypi,28,github:deeptools/pybigwig,172456,pybigwig,45
pypi,29,github:mic-dkfz/nnunet,162482,nnunetv2,47
pypi,30,github:seung-lab/connected-components-3d,160806,connected-components-3d,48
pypi,31,github:fastobo/fastobo-py,160165,fastobo,49
pypi,32,github:althonos/pronto,147334,pronto,50
pypi,33,github:jackcurragh/rust,141889,rust,51
pypi,34,github:brentp/cyvcf2,139807,cyvcf2,52
pypi,35,github:daler/pybedtools,137663,pybedtools,53
pypi,36,github:jvkersch/tmtools,135118,tmtools,54
pypi,37,github:nilearn/nilearn,133894,nilearn,55
pypi,38,github:neurodatawithoutborders/pynwb,129433,pynwb,56
pypi,39,github:common-workflow-language/cwltool,124685,cwltool,57
pypi,40,github:mapping-commons/sssom-py,123552,sssom,58
pypi,41,https://files.pythonhosted.org/packages/ec/c1/d9252620d09a064247d1623ebc4732d624921a2ed80a677f8b9ce61810dd/gprofiler-official-1.0.0.tar.gz,123463,gprofiler-official,59
pypi,42,github:neuropsychology/neurokit,123342,neurokit2,60
pypi,43,github:biocommons/eutils,122910,eutils,61
pypi,44,github:tlambert03/ome-types,117801,ome-types,62
pypi,45,github:ndexbio/ndex2-client,115466,ndex2,63
pypi,46,github:scverse/mudata,114678,mudata,64
pypi,47,github:althonos/pyhmmer,112915,pyhmmer,65
pypi,48,github:napari/napari-plugin-engine,108577,napari-plugin-engine,66
pypi,49,github:cthoyt/ols-client,107881,ols-client,67
pypi,50,github:openbabel/openbabel,106683,openbabel-wheel;openbabel,68
pypi,51,github:common-workflow-language/cwl-upgrader,106087,cwl-upgrader,69
pypi,52,github:napari/napari,105860,napari,70
pypi,53,github:etetoolkit/ete,105013,ete3,71
pypi,54,github:jbkinney/logomaker,104869,logomaker,72
pypi,55,github:pdbeurope/ccdutils,101565,pdbeccdutils,73
pypi,56,github:neuralensemble/python-neo,96554,neo,74
pypi,57,github:mouseland/cellpose,96085,cellpose,75
pypi,58,github:jeetsukumaran/dendropy,93312,dendropy,76
pypi,59,github:kent-tokyo/chematic,88051,chematic,79
pypi,60,github:biopragmatics/bioregistry,85374,bioregistry,82
pypi,61,github:scikit-bio/scikit-bio,83338,scikit-bio,83
pypi,62,github:biocore/biom-format,79825,biom-format,85
pypi,63,github:galaxyproject/bioblend,79637,bioblend,86
pypi,64,github:soft-matter/trackpy,78048,trackpy,87
pypi,65,github:nipy/nipype,77697,nipype,88
pypi,66,github:slowkow/harmonypy,76481,harmonypy,91
pypi,67,github:whitews/flowio,75354,flowio,93
pypi,68,github:bxlab/bx-python,73674,bx-python,94
pypi,69,github:saezlab/omnipath,72485,omnipath,95
pypi,70,github:bp-kelley/descriptastorus,71801,descriptastorus,96
pypi,71,github:jenojp/negspacy,70089,negspacy,97
pypi,72,github:haddocking/pdb-tools,69870,pdb-tools,98
pypi,73,github:nglviewer/nglview,69861,nglview,99
pypi,74,github:single-cell-data/tiledb-soma,69183,tiledbsoma,100
pypi,75,github:scverse/squidpy,68203,squidpy,101
pypi,76,github:forlilab/meeko,67250,meeko,102
pypi,77,github:m3g/packmol,66315,packmol,103
pypi,78,github:datamol-io/datamol,65979,datamol,104
pypi,79,github:fastlmm/bed-reader,65066,bed-reader,105
pypi,80,github:biocommons/bioutils,64737,bioutils,106
pypi,81,github:viennarna/viennarna,64217,viennarna,107
pypi,82,github:neherlab/treetime,63102,phylo-treetime,108
pypi,83,github:epam/indigo,62398,epam-indigo,109
pypi,84,github:choderalab/pymbar,61187,pymbar,110
pypi,85,github:swolock/scrublet,60809,scrublet,111
pypi,86,github:pymzml/pymzml,59813,pymzml,113
pypi,87,github:chemprop/chemprop,59662,chemprop,114
pypi,88,github:fastlmm/pysnptools,58086,pysnptools,115
pypi,89,github:pyranges/pyranges0,57838,pyranges,116
pypi,90,github:biocommons/biocommons.seqrepo,56800,biocommons-seqrepo,117
pypi,91,github:bids-standard/pybids,56644,pybids,118
pypi,92,github:chanzuckerberg/cellxgene-census,56398,cellxgene-census,119
pypi,93,github:pyranges/ncls,56098,ncls,120
pypi,94,github:lh3/minimap2,55652,mappy,121
pypi,95,github:scverse/scvi-tools,55483,scvi-tools,122
pypi,96,github:ccsb-scripps/autodock-vina,55398,vina,123
pypi,97,github:althonos/pyrodigal,54591,pyrodigal,124
pypi,98,github:opencobra/cobrapy,53851,cobra,125
pypi,99,github:biotite-dev/hydride,53772,hydride,126
pypi,100,github:althonos/pyfamsa,52503,pyfamsa,127
pypi,101,github:althonos/scoring-matrices,52426,scoring-matrices,128
pypi,102,github:marcelm/dnaio,51678,dnaio,132
pypi,103,github:jensengroup/propka,51295,propka,133
pypi,104,github:lmdu/pyfastx,50169,pyfastx,135
pypi,105,github:konstantint/pyliftover,49488,pyliftover,136
pypi,106,github:dhimmel/obonet,49081,obonet,137
pypi,107,github:dandi/dandi-cli,48548,dandi,139
pypi,108,github:aim-harvard/pyradiomics,47570,pyradiomics,140
pypi,109,github:rcsb/py-rcsb-api,46508,rcsb-api,142
pypi,110,github:openvax/mhctools,46239,mhctools,143
pypi,111,github:chemosim-lab/prolif,45523,prolif,144
pypi,112,github:daler/gffutils,45126,gffutils,145
pypi,113,github:biocommons/hgvs,44959,hgvs,146
pypi,114,github:medspacy/quickumls,44824,medspacy-quickumls,147
pypi,115,github:napari/napari-plugin-manager,44723,napari-plugin-manager,148
pypi,116,github:google-deepmind/alphagenome,44327,alphagenome,149
pypi,117,github:clinical-genomics/cg,44069,cg,150
pypi,118,github:biopragmatics/bioversions,43521,bioversions,151
pypi,119,github:prody/prody,43080,prody,152
pypi,120,github:open2c/bioframe,42566,bioframe,153
pypi,121,github:marcelm/cutadapt,42560,cutadapt,154
pypi,122,github:dpeerlab/palantir,42110,palantir,156
pypi,123,github:pepkit/pephubclient,41704,pephubclient,157
pypi,124,github:fastdatascience/drug_named_entity_recognition,41459,drug-named-entity-recognition,158
pypi,125,github:scverse/gget,39828,gget,159
pypi,126,github:pyranges/sorted_nearest,39447,sorted-nearest,160
pypi,127,github:biolink/biolink-model,39339,biolink-model,161
pypi,128,github:jackh726/bigtools,39033,pybigtools,162
pypi,129,github:isa-tools/isa-rwval,38873,isa-rwval,163
pypi,130,github:linnarsson-lab/loompy,38616,loompy,164
pypi,131,github:fooof-tools/fooof,38495,fooof;specparam,165
pypi,132,github:openvax/varcode,38352,varcode,166
pypi,133,github:biolink/biolink-model-toolkit,38178,bmt,167
pypi,134,github:openvax/pyensembl,38001,pyensembl,168
pypi,135,github:electrostatics/mmcif_pdbx,36914,mmcif-pdbx,171
pypi,136,github:pirl-unc/mhcgnomes,36284,mhcgnomes,172
pypi,137,github:alchemistry/alchemlyb,35964,alchemlyb,173
pypi,138,github:vanheeringen-lab/genomepy,35249,genomepy,174
pypi,139,github:jmschrei/tangermeme,35229,tangermeme,175
pypi,140,github:somalogic/canopy,35187,somadata,176
pypi,141,github:jeffdaily/parasail-python,35161,parasail,177
pypi,142,github:openvax/gtfparse,34815,gtfparse,179
pypi,143,github:laminlabs/bionty,34512,bionty,180
pypi,144,github:lammps/lammps,34284,lammps,182
pypi,145,github:openvax/topiary,33947,topiary,183
pypi,146,github:openvax/isovar,33563,isovar,184
pypi,147,github:jmschrei/memesuite-lite,33479,memelite,185
pypi,148,github:asntech/pyjaspar,33410,pyjaspar,186
pypi,149,github:electrostatics/pdb2pqr,33231,pdb2pqr,187
pypi,150,github:keiserlab/e3fp,33118,e3fp,188
pypi,151,github:databio/pypiper,33034,piper,189
pypi,152,github:fideus-labs/ngff-zarr,32814,ngff-zarr,190
pypi,153,github:mlcil/scikit-fingerprints,32642,scikit-fingerprints,191
pypi,154,github:pirl-unc/hitlist,32477,hitlist,193
pypi,155,github:clbarnes/transformnd,31971,transformnd,194
pypi,156,github:tskit-dev/tskit,31755,tskit,195
pypi,157,github:scverse/decoupler,31244,decoupler,197
pypi,158,github:laminlabs/lamindb,30401,lamindb;lamindb-core,199
pypi,159,github:allenai/scispacy,30345,scispacy,200
pypi,160,github:braindecode/braindecode,30268,braindecode,201
pypi,161,github:marsilea-viz/marsilea,30242,marsilea,202
pypi,162,github:jmschrei/ledidi,30061,ledidi,203
pypi,163,github:neuralensemble/elephant,29596,elephant,205
pypi,164,github:cellprofiler/centrosome,29501,centrosome,206
pypi,165,github:openvax/vaxrank,29452,vaxrank,207
pypi,166,github:eyurtsev/fcsparser,29409,fcsparser,208
pypi,167,github:tskit-dev/msprime,29121,msprime,209
pypi,168,github:jmschrei/bpnet-lite,29097,bpnet-lite,210
pypi,169,https://files.pythonhosted.org/packages/80/83/cf3f09a8d7ab1fffb48452d6d4d509e7e8587371fc99c7408b2f32b4bb15/mol_hume-1.0.1.tar.gz,28794,mol-hume,211
pypi,170,github:ssandrews/smoldyn,28789,smoldyn,212
pypi,171,github:fastdatascience/medical_named_entity_recognition,28747,medical-named-entity-recognition,213
pypi,172,github:uw-ipd/tmol,28506,tmol,214
pypi,173,github:refgenie/refgenie,28456,refgenie,215
pypi,174,github:multiqc/multiqc,28333,multiqc,216
pypi,175,github:openvax/datacache,27695,datacache,218
pypi,176,https://files.pythonhosted.org/packages/18/9a/d93f18f0752a6a2ccb5ea32bd37f11aede844a6cf33c03e3c18e4aebf3b9/sccoord-1.6.100.tar.gz,27494,sccoord,219
pypi,177,github:maabuu/posebusters,27165,posebusters,220
pypi,178,github:brian-team/brian2,26777,brian2,222
pypi,179,github:bioio-devs/bioio,26701,bioio,223
pypi,180,github:dc-analysis/dclab,26549,dclab,224
pypi,181,github:bioio-devs/aicspylibczi,26382,aicspylibczi,225
pypi,182,github:wallnerlab/dockq,26337,dockq,226
pypi,183,github:parmed/parmed,25527,parmed,228
pypi,184,github:sage-bionetworks/synapsepythonclient,25500,synapseclient,229
pypi,185,github:ega-archive/crypt4gh,25462,crypt4gh,230
pypi,186,github:rpomponio/neuroharmonize,24099,neuroharmonize,233
pypi,187,github:guma44/geoparse,23928,geoparse,234
pypi,188,github:biopandas/biopandas,23926,biopandas,235
pypi,189,github:matchms/matchms,23920,matchms,236
pypi,190,github:digital-chemistry-laboratory/morfeus,23750,morfeus-ml,237
pypi,191,github:cgohlke/molmass,23680,molmass,238
pypi,192,github:nf-core/tools,23678,nf-core,239
pypi,193,github:genomoncology/biomcp,23234,biomcp-python,240
pypi,194,github:lucasduclos/acoustooptictomography,23117,aot-biomaps,241
pypi,195,github:jax-md/jax-md,23101,jax-md,242
pypi,196,github:spacetx/starfish,23064,starfish,243
pypi,197,github:templateflow/python-client,22400,templateflow,246
pypi,198,github:durrantlab/dimorphite_dl,22370,dimorphite-dl,247
pypi,199,github:metapub/metapub,22350,metapub,248
pypi,200,github:tanghaibao/goatools,21313,goatools,249
pypi,201,github:msdllcpapers/promb,21219,promb,250
pypi,202,github:chanzuckerberg/miniwdl,21192,miniwdl,251
pypi,203,github:kensho-technologies/sequence_align,20990,sequence-align,253
pypi,204,github:biothings/myvariant.py,20032,myvariant,257
pypi,205,github:nipreps/niworkflows,20004,niworkflows,258
pypi,206,github:mfranberg/libplinkio,19696,plinkio,261
pypi,207,github:schrodinger/pymol-open-source,19430,pymol-open-source,262
pypi,208,github:jfnavarro/taggd,19376,taggd,263
pypi,209,github:openbraininstitute/efel,19352,efel,264
pypi,210,github:bayer-group/tiffslide,19334,tiffslide,266
pypi,211,github:swansonk14/admet_ai,19313,admet-ai,267
pypi,212,github:hail-is/hail,19286,hail,268
pypi,213,github:datajoint/datajoint-python,19203,datajoint,269
pypi,214,github:dib-lab/screed,18698,screed,271
pypi,215,github:openvax/mhcflurry,18534,mhcflurry,273
pypi,216,github:nsalomonis/altanalyze,18361,altanalyze,274
pypi,217,github:pydna-group/pydna,18336,pydna,275
pypi,218,github:openbraininstitute/morphio,18276,morphio,276
pypi,219,github:dillontsmith/leabra,18273,leabra-psyneulink,277
pypi,220,github:evanyeyeye/rainbow,18158,rainbow-api,279
pypi,221,github:skyeav/tablassert,18094,tablassert,280
pypi,222,github:modeci/mdf,17761,modeci-mdf,284
pypi,223,github:jamescasbon/pyvcf,17349,pyvcf,285
pypi,224,github:jeremymcrae/bgen,17304,bgen,286
pypi,225,github:chemfiles/chemfiles.py,17193,chemfiles,287
pypi,226,github:medmnist/medmnist,17188,medmnist,288
pypi,227,github:ccp4/ccp4i2,17142,ccp4i2,289
pypi,228,github:htseq/htseq,16779,htseq,291
pypi,229,github:abhishektiwari/hbat,16662,hbat,293
pypi,230,github:latchbio/latch,16652,latch,294
pypi,231,github:molstar/mol-view-spec,16426,molviewspec,295
pypi,232,github:cokelaer/bioservices,16253,bioservices,296
pypi,233,github:drrdom/pmapper,16099,pmapper,297
pypi,234,github:scverse/liana,15838,liana,298
pypi,235,github:seung-lab/cloud-volume,15768,cloud-volume,300
pypi,236,github:sebriois/biomart,15715,biomart,301
pypi,237,github:gbif/pygbif,15474,pygbif,303
pypi,238,github:quantumjot/btrack,15474,btrack,302
pypi,239,github:antigenomics/vdjtools,15203,vdjtools,304
pypi,240,https://files.pythonhosted.org/packages/a7/bf/c4a8b47f55557cf555711ba8aaff56f7ddacf64795f99629caf8fe9e4af0/pdex-0.3.0.tar.gz,15124,pdex,305
pypi,241,github:nipy/nitime,14797,nitime,306
pypi,242,github:opentrons/opentrons,14787,opentrons,307
pypi,243,github:macs3-project/macs,14652,macs3,308
pypi,244,github:teichlab/celltypist,14602,celltypist,309
pypi,245,github:nipy/nitransforms,14377,nitransforms,310
pypi,246,github:seguid/seguid-python,14272,seguid,311
pypi,247,github:scverse/muon,14244,muon,312
pypi,248,github:rnabioco/escapepod-rs,14166,escapepod,313
pypi,249,github:deeptools/py2bit,13957,py2bit,314
pypi,250,github:antigenomics/arda,13896,arda-mapper,315
pypi,251,github:biocpy/biocutils,13807,biocutils,316
pypi,252,github:dridk/pyvcf3,13792,pyvcf3,317
pypi,253,github:open-science-tools/nd2reader,13660,nd2reader,318
pypi,254,github:iskandr/osteosarc,13579,osteosarc,320
pypi,255,github:databiosphere/toil,13570,toil,321
pypi,256,github:swharden/pyabf,13418,pyabf,322
pypi,257,github:jeremymcrae/liftover,13277,liftover,323
pypi,258,github:ome/napari-omero,13113,napari-omero,324
pypi,259,github:openneuro-py/openneuro-py,12888,openneuro-py,326
pypi,260,github:intermine/intermine-ws-python,12834,intermine,327
pypi,261,github:scalableminds/webknossos-libs,12632,webknossos,328
pypi,262,github:deeptools/deeptools_intervals,12520,deeptoolsintervals,330
pypi,263,github:open2c/cooler,12428,cooler,331
pypi,264,github:cmu-delphi/delphi-epidata,12383,delphi-epidata,332
pypi,265,github:rosettacommons/atomworks,12322,atomworks,334
pypi,266,github:copasi/basico,12293,copasi-basico,336
pypi,267,github:krishnaswamylab/scprep,12234,scprep,337
pypi,268,github:matteolacki/isospec,12153,isospecpy,338
pypi,269,github:sourmash-bio/sourmash,12115,sourmash,339
pypi,270,github:mirditalab/colabfold-legacy-kernels,12079,colabfold-legacy-kernels,340
pypi,271,github:mordred-descriptor/mordred,12061,mordred,341
pypi,272,github:booritas/slideio,12055,slideio,342
pypi,273,github:biocpy/biocframe,12051,biocframe,343
pypi,274,github:velocyto-team/velocyto.py,11979,velocyto,345
pypi,275,github:pymmcore-plus/useq-schema,11781,useq-schema,346
pypi,276,github:jfjlaros/barcode,11770,barcode,348
pypi,277,github:deeptools/deeptools,11699,deeptools,349
pypi,278,github:zengflab/sure,11515,sure-tools,350
pypi,279,github:lixiang117423/biopytools,11500,biopytools,351
pypi,280,github:cbouy/mols2grid,11378,mols2grid,352
pypi,281,github:whitews/flowutils,11318,flowutils,355
pypi,282,github:theislab/scib,11315,scib,356
pypi,283,github:openmm/openmmforcefields,11288,openmmforcefields,357
pypi,284,github:mcs07/chemdataextractor,11240,chemdataextractor,358
pypi,285,github:pharmai/plip,11024,plip,360
pypi,286,github:nanoporetech/pod5-file-format,11013,lib-pod5,361
pypi,287,github:oncologylab/fp-tools,10986,fp-tools-bio,362
pypi,288,https://files.pythonhosted.org/packages/8b/94/a24d594973271658189f885ea61c4f5ed308fbbc22a7962de3117b3c1497/cell_eval2-0.16.0.tar.gz,10855,cell-eval2,364
pypi,289,github:iobis/pyobis,10842,pyobis,365
pypi,290,github:ga4gh/vrs-python,10797,ga4gh-vrs,366
pypi,291,github:navis-org/skeletor,10699,skeletor,367
pypi,292,github:timolassmann/kalign,10679,kalign-python,368
pypi,293,github:liguowang/crossmap,10644,crossmap,369
pypi,294,github:medical-event-data-standard/meds,10577,meds,370
pypi,295,github:dlce-eva/commonnexus,10532,commonnexus,372
pypi,296,github:theislab/scvelo,10099,scvelo,374
pypi,297,github:nipype/pydra,10027,pydra,375
pypi,298,github:yuanyueli/msentropy,10022,ms-entropy,376
pypi,299,github:deepmodeling/unimol_tools,10003,unimol-tools,377
pypi,300,github:labsyspharm/scimap,9983,scimap,378
github,1,github:k-dense-ai/scientific-agent-skills,47129,K-Dense-AI/scientific-agent-skills,3
github,2,github:google-deepmind/alphafold,14869,google-deepmind/alphafold,6
github,3,github:mic-dkfz/nnunet,8914,MIC-DKFZ/nnUNet,9
github,4,github:google-deepmind/alphafold3,8600,google-deepmind/alphafold3,10
github,5,github:ossu/bioinformatics,7114,ossu/bioinformatics,12
github,6,github:deepchem/deepchem,7023,deepchem/deepchem,13
github,7,github:deeplabcut/deeplabcut,5781,DeepLabCut/DeepLabCut,15
github,8,github:biopython/biopython,5216,biopython/biopython,17
github,9,github:bowang-lab/medsam,4408,bowang-lab/MedSAM,18
github,10,github:ohif/viewers,4351,OHIF/Viewers,19
github,11,github:danielecook/awesome-bioinformatics,4308,danielecook/Awesome-Bioinformatics,20
github,12,github:jwohlwend/boltz,4223,jwohlwend/boltz,21
github,13,github:facebookresearch/esm,4170,facebookresearch/esm,22
github,14,github:junma11/seglossodyssey,4002,JunMa11/SegLossOdyssey,23
github,15,github:snap-stanford/biomni,3926,snap-stanford/Biomni,24
github,16,github:seandavi/awesome-single-cell,3865,seandavi/awesome-single-cell,25
github,17,github:google/deepvariant,3815,google/deepvariant,27
github,18,github:linhandev/dataset,3624,linhandev/dataset,29
github,19,github:rdkit/rdkit,3601,rdkit/rdkit,30
github,20,github:mne-tools/mne-python,3531,mne-tools/mne-python,31
github,21,github:nextflow-io/nextflow,3496,nextflow-io/nextflow,32
github,22,github:beckschen/transunet,3242,Beckschen/TransUNet,34
github,23,github:neuromatchacademy/course-content,3140,NeuromatchAcademy/course-content,35
github,24,github:lammps/lammps,3075,lammps/lammps,36
github,25,github:openworm/openworm,3065,openworm/OpenWorm,37
github,26,github:sokrypton/colabfold,2940,sokrypton/ColabFold,38
github,27,github:freedomintelligence/awesome-ai4med,2891,FreedomIntelligence/Awesome-AI4Med,39
github,28,github:snakemake/snakemake,2881,snakemake/snakemake,41
github,29,github:satijalab/seurat,2805,satijalab/seurat,42
github,30,github:napari/napari,2766,napari/napari,43
github,31,github:hilab-git/ssl4mis,2690,HiLab-git/SSL4MIS,44
github,32,github:mrgiovanni/unetplusplus,2687,MrGiovanni/UNetPlusPlus,45
github,33,github:slicer/slicer,2638,Slicer/Slicer,46
github,34,github:scverse/scanpy,2578,scverse/scanpy,47
github,35,github:sfikas/medical-imaging-datasets,2571,sfikas/medical-imaging-datasets,48
github,36,github:microsoft/graphormer,2476,microsoft/Graphormer,50
github,37,github:chemprop/chemprop,2470,chemprop/chemprop,51
github,38,github:torchio-project/torchio,2444,TorchIO-project/torchio,53
github,39,github:opengene/fastp,2436,OpenGene/fastp,54
github,40,github:hucaofighting/swin-unet,2422,HuCaoFighting/Swin-Unet,55
github,41,github:mouseland/cellpose,2382,MouseLand/cellpose,56
github,42,github:neuropsychology/neurokit,2371,neuropsychology/NeuroKit,57
github,43,github:xinario/awesome-gan-for-medical-imaging,2359,xinario/awesome-gan-for-medical-imaging,58
github,44,github:alexdobin/star,2257,alexdobin/STAR,59
github,45,github:lh3/minimap2,2251,lh3/minimap2,60
github,46,github:ellisdg/3dunetcnn,2235,ellisdg/3DUnetCNN,61
github,47,github:dmis-lab/biobert,2211,dmis-lab/biobert,63
github,48,github:google-deepmind/alphagenome,2174,google-deepmind/alphagenome,64
github,49,github:hussius/deeplearning-biology,2159,hussius/deeplearning-biology,65
github,50,github:soedinglab/mmseqs2,2148,soedinglab/MMseqs2,66
github,51,github:amirhossein-kz/awesome-diffusion-models-in-medical-imaging,2113,amirhossein-kz/Awesome-Diffusion-Models-in-Medical-Imaging,67
github,52,github:cornerstonejs/cornerstone,2106,cornerstonejs/cornerstone,68
github,53,github:psychopy/psychopy,2090,psychopy/psychopy,69
github,54,github:ozan-oktay/attention-gated-networks,2064,ozan-oktay/Attention-Gated-Networks,71
github,55,github:stephenturner/oneliners,2031,stephenturner/oneliners,75
github,56,github:broadinstitute/gatk,2003,broadinstitute/gatk,77
github,57,github:allenai/scispacy,1995,allenai/scispacy,78
github,58,github:gokceneraslan/awesome-deepbio,1990,gokceneraslan/awesome-deepbio,79
github,59,github:openmm/openmm,1982,openmm/openmm,80
github,60,github:peldom/papers_for_protein_design_using_dl,1980,Peldom/papers_for_protein_design_using_DL,82
github,61,github:samtools/samtools,1964,samtools/samtools,83
github,62,github:aipoch/medical-research-skills,1938,aipoch/medical-research-skills,84
github,63,github:black0017/medicalzoopytorch,1919,black0017/MedicalZooPytorch,85
github,64,github:nitrain/nitrain,1883,nitrain/nitrain,87
github,65,github:bioconda/bioconda-recipes,1871,bioconda/bioconda-recipes,88
github,66,github:galaxyproject/galaxy,1866,galaxyproject/galaxy,89
github,67,github:dauparas/proteinmpnn,1859,dauparas/ProteinMPNN,90
github,68,github:ivmartel/dwv,1848,ivmartel/dwv,91
github,69,github:rust-bio/rust-bio,1842,rust-bio/rust-bio,92
github,70,github:lh3/bwa,1769,lh3/bwa,93
github,71,github:brainflow-dev/brainflow,1766,brainflow-dev/brainflow,94
github,72,github:schrodinger/pymol-open-source,1748,schrodinger/pymol-open-source,95
github,73,github:analyticalmonk/awesome-neuroscience,1725,analyticalmonk/awesome-neuroscience,97
github,74,github:yangkky/machine-learning-for-proteins,1717,yangkky/Machine-learning-for-proteins,98
github,75,github:scverse/scvi-tools,1698,scverse/scvi-tools,99
github,76,github:lucidrains/alphafold3-pytorch,1695,lucidrains/alphafold3-pytorch,100
github,77,github:harvardinformatics/learning-bioinformatics-at-home,1679,harvardinformatics/learning-bioinformatics-at-home,102
github,78,github:junma11/sota-medseg,1677,JunMa11/SOTA-MedSeg,103
github,79,github:insightsoftwareconsortium/itk,1660,InsightSoftwareConsortium/ITK,104
github,80,github:mdanalysis/mdanalysis,1656,MDAnalysis/mdanalysis,105
github,81,github:bowang-lab/scgpt,1639,bowang-lab/scGPT,106
github,82,github:albarqouni/deep-learning-for-medical-applications,1613,albarqouni/Deep-Learning-for-Medical-Applications,107
github,83,github:shenwei356/seqkit,1596,shenwei356/seqkit,109
github,84,github:theislab/single-cell-tutorial,1596,theislab/single-cell-tutorial,108
github,85,github:deepgraphlearning/torchdrug,1586,DeepGraphLearning/torchdrug,110
github,86,github:gcorso/diffdock,1577,gcorso/DiffDock,111
github,87,github:evo-design/evo,1570,evo-design/evo,112
github,88,github:lh3/seqtk,1565,lh3/seqtk,113
github,89,github:jokergoo/complexheatmap,1557,jokergoo/ComplexHeatmap,114
github,90,github:facebookresearch/fastmri,1537,facebookresearch/fastMRI,115
github,91,github:antsx/ants,1503,ANTsX/ANTs,116
github,92,github:multiqc/multiqc,1493,MultiQC/MultiQC,117
github,93,github:jax-md/jax-md,1464,jax-md/jax-md,118
github,94,github:aim-harvard/pyradiomics,1459,AIM-Harvard/pyradiomics,120
github,95,github:dltk/dltk,1458,DLTK/DLTK,121
github,96,github:qupath/qupath,1455,qupath/qupath,122
github,97,github:nilearn/nilearn,1440,nilearn/nilearn,123
github,98,github:crazyhottommy/getting-started-with-genomics-tools-and-resources,1409,crazyhottommy/getting-started-with-genomics-tools-and-resources,124
github,99,github:medmnist/medmnist,1408,MedMNIST/MedMNIST,125
github,100,github:openbabel/openbabel,1386,openbabel/openbabel,126
github,101,github:bradyajohnston/molecularnodes,1377,BradyAJohnston/MolecularNodes,127
github,102,github:niftk/niftynet,1374,NifTK/NiftyNet,128
github,103,github:ncbi/sra-tools,1368,ncbi/sra-tools,129
github,104,github:imprintlab/medsegdiff,1362,ImprintLab/MedSegDiff,131
github,105,github:nroduit/weasis,1362,nroduit/Weasis,130
github,106,github:mic-dkfz/medicaldetectiontoolkit,1361,MIC-DKFZ/medicaldetectiontoolkit,132
github,107,github:thetahealth/mirobody,1347,thetahealth/mirobody,133
github,108,github:vgteam/vg,1340,vgteam/vg,134
github,109,github:agemagician/prottrans,1325,agemagician/ProtTrans,135
github,110,github:imprintlab/medical-sam-adapter,1325,ImprintLab/Medical-SAM-Adapter,136
github,111,github:bbuchfink/diamond,1324,bbuchfink/diamond,137
github,112,github:patwalters/practical_cheminformatics_tutorials,1321,PatWalters/practical_cheminformatics_tutorials,138
github,113,github:braindecode/braindecode,1314,braindecode/braindecode,139
github,114,github:fahadshamshad/awesome-transformers-in-medical-imaging,1298,fahadshamshad/awesome-transformers-in-medical-imaging,141
github,115,github:steineggerlab/foldseek,1298,steineggerlab/foldseek,140
github,116,github:junma11/miccai-opensourcepapers,1294,JunMa11/MICCAI-OpenSourcePapers,142
github,117,github:mims-harvard/tdc,1288,mims-harvard/TDC,143
github,118,github:greenelab/deep-review,1283,greenelab/deep-review,144
github,119,github:theislab/single-cell-best-practices,1274,theislab/single-cell-best-practices,149
github,120,github:scikit-bio/scikit-bio,1246,scikit-bio/scikit-bio,150
github,121,github:brian-team/brian2,1239,brian-team/brian2,151
github,122,github:yulab-smu/clusterprofiler,1239,YuLab-SMU/clusterProfiler,152
github,123,github:bowang-lab/medrax,1237,bowang-lab/MedRAX,153
github,124,github:martinpacesa/bindcraft,1232,martinpacesa/BindCraft,154
github,125,github:ibm/microscopy,1220,IBM/MicroscoPy,155
github,126,github:fo-dicom/fo-dicom,1213,fo-dicom/fo-dicom,157
github,127,github:omicverse/omicverse,1211,omicverse/omicverse,158
github,128,github:gptomics/bioskills,1209,GPTomics/bioSkills,159
github,129,github:scverse/gget,1202,scverse/gget,160
github,130,github:mlmed/torchxrayvision,1199,mlmed/torchxrayvision,161
github,131,github:a-r-j/graphein,1195,a-r-j/graphein,163
github,132,github:rordenlab/dcm2niix,1195,rordenlab/dcm2niix,162
github,133,github:kexinhuang12345/deeppurpose,1193,kexinhuang12345/DeepPurpose,164
github,134,github:sib-swiss/training-collection,1151,sib-swiss/training-collection,169
github,135,github:clawbio/clawbio,1147,ClawBio/ClawBio,171
github,136,github:cornerstonejs/cornerstone3d,1147,cornerstonejs/cornerstone3D,170
github,137,github:scorpiolea/aice,1144,ScorpioLea/AiCE,172
github,138,github:cellprofiler/cellprofiler,1136,CellProfiler/CellProfiler,173
github,139,github:quinlan-lab/applied-computational-genomics,1133,quinlan-lab/applied-computational-genomics,175
github,140,github:moshi4/pycirclize,1125,moshi4/pyCirclize,176
github,141,github:yichizhang98/sam4mis,1125,YichiZhang98/SAM4MIS,177
github,142,github:opensim-org/opensim-core,1120,opensim-org/opensim-core,178
github,143,github:scipipe/scipipe,1110,scipipe/scipipe,179
github,144,github:kblin/ncbi-genome-download,1089,kblin/ncbi-genome-download,181
github,145,github:neurreps/awesome-neural-geometry,1086,neurreps/awesome-neural-geometry,182
github,146,github:suyashkumar/dicom,1085,suyashkumar/dicom,183
github,147,github:broadinstitute/cromwell,1082,broadinstitute/cromwell,184
github,148,github:broadinstitute/picard,1079,broadinstitute/picard,185
github,149,github:hail-is/hail,1078,hail-is/hail,186
github,150,github:ccsb-scripps/autodock-vina,1077,ccsb-scripps/AutoDock-Vina,187
github,151,github:microsoft/biodiversity,1076,microsoft/Biodiversity,188
github,152,github:hannesstark/boltzgen,1066,HannesStark/boltzgen,189
github,153,github:deepmedic/deepmedic,1064,deepmedic/deepmedic,190
github,154,github:bigdatagenomics/adam,1061,bigdatagenomics/adam,191
github,155,github:neurotechx/moabb,1059,NeuroTechX/moabb,192
github,156,github:arq5x/bedtools2,1052,arq5x/bedtools2,193
github,157,github:cbioportal/cbioportal,1047,cBioPortal/cbioportal,194
github,158,github:xiaoqi-zhao-dlut/msnet-m2snet,1039,Xiaoqi-Zhao-DLUT/MSNet-M2SNet,195
github,159,github:bcbio/bcbio-nextgen,1030,bcbio/bcbio-nextgen,196
github,160,github:bowang-lab/u-mamba,1024,bowang-lab/U-Mamba,197
github,161,github:mareesat/gwa_tutorial,1023,MareesAT/GWA_tutorial,198
github,162,github:3dmol/3dmol.js,1021,3dmol/3Dmol.js,199
github,163,github:tobetz/legomicroscope,1014,tobetz/LegoMicroscope,200
github,164,github:eselkin/awesome-computational-neuroscience,1002,eselkin/awesome-computational-neuroscience,201
github,165,github:tseemann/prokka,995,tseemann/prokka,202
github,166,github:molecularsets/moses,991,molecularsets/moses,203
github,167,github:fieldtrip/fieldtrip,988,fieldtrip/fieldtrip,204
github,168,github:gnina/gnina,983,gnina/gnina,205
github,169,github:richard-peng-xia/awesome-multimodal-in-medical-imaging,981,richard-peng-xia/awesome-multimodal-in-medical-imaging,207
github,170,github:souvikmajumder26/multi-agent-medical-assistant,981,souvikmajumder26/Multi-Agent-Medical-Assistant,206
github,171,github:biotite-dev/biotite,976,biotite-dev/biotite,208
github,172,github:commontk/ctk,966,commontk/CTK,210
github,173,github:gromacs/gromacs,964,gromacs/gromacs,211
github,174,github:uni-medical/sam-med3d,963,uni-medical/SAM-Med3D,212
github,175,github:ablab/spades,961,ablab/spades,213
github,176,github:aspirincode/papers-for-molecular-design-using-dl,953,AspirinCode/papers-for-molecular-design-using-DL,215
github,177,github:samtools/htslib,953,samtools/htslib,214
github,178,github:nengo/nengo,950,nengo/nengo,216
github,179,github:baranzinilab/kg_rag,947,BaranziniLab/KG_RAG,217
github,180,github:sokrypton/colabdesign,945,sokrypton/ColabDesign,218
github,181,github:derrickwood/kraken2,941,DerrickWood/kraken2,219
github,182,github:databiosphere/toil,936,DataBiosphere/toil,220
github,183,github:yulab-smu/ggtree,935,YuLab-SMU/ggtree,221
github,184,github:imprintlab/medical-sam2,934,ImprintLab/Medical-SAM2,222
github,185,github:combine-lab/salmon,932,COMBINE-lab/salmon,223
github,186,github:tanghaibao/jcvi,931,tanghaibao/jcvi,224
github,187,github:adalca/medical-datasets,930,adalca/medical-datasets,225
github,188,github:nglviewer/nglview,927,nglviewer/nglview,227
github,189,github:instadeepai/nucleotide-transformer,922,instadeepai/nucleotide-transformer,228
github,190,github:aqlaboratory/proteinnet,920,aqlaboratory/proteinnet,229
github,191,github:pysam-developers/pysam,911,pysam-developers/pysam,230
github,192,github:applied-bioinformatics/an-introduction-to-applied-bioinformatics,908,applied-bioinformatics/An-Introduction-To-Applied-Bioinformatics,233
github,193,github:tanghaibao/goatools,908,tanghaibao/goatools,231
github,194,github:deeptools/pygenometracks,903,deeptools/pyGenomeTracks,234
github,195,github:molecularai/aizynthfinder,898,MolecularAI/aizynthfinder,235
github,196,github:samtools/bcftools,896,samtools/bcftools,236
github,197,github:epam/ketcher,895,epam/ketcher,237
github,198,github:project-monai/monailabel,892,Project-MONAI/MONAILabel,239
github,199,github:nyukat/breast_cancer_classifier,890,nyukat/breast_cancer_classifier,240
github,200,github:antsx/antspy,889,ANTsX/ANTsPy,241
github,201,github:hsiaoyi0504/awesome-cheminformatics,887,hsiaoyi0504/awesome-cheminformatics,242
github,202,github:etetoolkit/ete,885,etetoolkit/ete,243
github,203,github:aqlaboratory/openfold-3,884,aqlaboratory/openfold-3,245
github,204,github:microsoft/bioemu,884,microsoft/bioemu,244
github,205,github:vandijklab/cell2sentence,882,vandijklab/cell2sentence,246
github,206,github:freebayes/freebayes,880,freebayes/freebayes,247
github,207,github:cidarlab/cello,877,CIDARLAB/cello,250
github,208,github:freesurfer/freesurfer,877,freesurfer/freesurfer,249
github,209,github:nanoporetech/dorado,876,nanoporetech/dorado,251
github,210,github:davidemms/orthofinder,873,davidemms/OrthoFinder,252
github,211,github:perone/medicaltorch,872,perone/medicaltorch,253
github,212,github:molecularai/reinvent4,870,MolecularAI/REINVENT4,254
github,213,github:omicsml/awesome-deep-learning-single-cell-papers,865,OmicsML/awesome-deep-learning-single-cell-papers,256
github,214,github:bwa-mem2/bwa-mem2,863,bwa-mem2/bwa-mem2,257
github,215,github:jcruan519/vm-unet,863,JCruan519/VM-UNet,258
github,216,github:jeya-maria-jose/medical-transformer,861,jeya-maria-jose/Medical-Transformer,259
github,217,github:nvidia-bionemo/bionemo-recipes,861,NVIDIA-BioNeMo/bionemo-recipes,260
github,218,github:cbluebenchmark/cblue,857,CBLUEbenchmark/CBLUE,262
github,219,github:openwdl/wdl,857,openwdl/wdl,261
github,220,github:spikeinterface/spikeinterface,855,SpikeInterface/spikeinterface,263
github,221,github:dipy/dipy,844,dipy/dipy,264
github,222,github:mitk/mitk,839,MITK/MITK,266
github,223,github:nipy/nipype,835,nipy/nipype,267
github,224,github:generatebio/chroma,834,generatebio/chroma,268
github,225,github:danforthcenter/plantcv,832,danforthcenter/plantcv,269
github,226,github:mims-harvard/primekg,829,mims-harvard/PrimeKG,270
github,227,github:mdozmorov/scrna-seq_notes,819,mdozmorov/scRNA-seq_notes,272
github,228,github:biocontainers/containers,815,BioContainers/containers,274
github,229,github:chhylp123/hifiasm,815,chhylp123/hifiasm,273
github,230,github:awslabs/dgl-lifesci,812,awslabs/dgl-lifesci,275
github,231,github:benlangmead/bowtie2,812,BenLangmead/bowtie2,276
github,232,github:hazyresearch/hyena-dna,809,HazyResearch/hyena-dna,277
github,233,github:caiyuanhao1998/sax-nerf,808,caiyuanhao1998/SAX-NeRF,279
github,234,github:kyegomez/open-af3,808,kyegomez/Open-AF3,278
github,235,github:google/nucleus,803,google/nucleus,282
github,236,github:invesalius/invesalius3,803,invesalius/invesalius3,281
github,237,github:johof/lungmask,797,JoHof/lungmask,284
github,238,github:mrgiovanni/modelsgenesis,794,MrGiovanni/ModelsGenesis,286
github,239,github:nipy/nibabel,794,nipy/nibabel,285
github,240,github:sqjin/cellchat,793,sqjin/CellChat,287
github,241,github:dib-lab/khmer,789,dib-lab/khmer,288
github,242,github:chanzuckerberg/cellxgene,788,chanzuckerberg/cellxgene,290
github,243,github:eggnogdb/eggnog-mapper,788,eggnogdb/eggnog-mapper,289
github,244,github:fudan-generative-vision/dynamicpdb,786,fudan-generative-vision/dynamicPDB,292
github,245,github:astrazeneca/chemicalx,785,AstraZeneca/chemicalx,294
github,246,github:macs3-project/macs,785,macs3-project/MACS,293
github,247,github:thackl/gggenomes,783,thackl/gggenomes,295
github,248,github:lpdi-epfl/masif,779,LPDI-EPFL/masif,296
github,249,github:weecology/deepforest,777,weecology/DeepForest,297
github,250,github:scverse/anndata,775,scverse/anndata,298
github,251,github:pachterlab/kallisto,772,pachterlab/kallisto,299
github,252,github:shenwei356/awesome,770,shenwei356/awesome,300
github,253,github:deeptools/deeptools,767,deeptools/deepTools,301
github,254,github:igvteam/igv,765,igvteam/igv,302
github,255,github:scverse/pydeseq2,764,scverse/PyDESeq2,303
github,256,github:torognes/vsearch,762,torognes/vsearch,304
github,257,github:angeloucn/min_max_similarity,760,AngeLouCN/Min_Max_Similarity,306
github,258,github:project-monai/generativemodels,760,Project-MONAI/GenerativeModels,305
github,259,github:mattmacy/vnet.pytorch,759,mattmacy/vnet.pytorch,307
github,260,github:biopandas/biopandas,756,BioPandas/biopandas,308
github,261,github:nipreps/fmriprep,755,nipreps/fmriprep,309
github,262,github:mariewelt/openchem,753,Mariewelt/OpenChem,310
github,263,github:songlab-cal/tape,745,songlab-cal/tape,311
github,264,github:fnndsc/ami,743,FNNDSC/ami,312
github,265,github:bebop/poly,737,bebop/poly,314
github,266,github:mdtraj/mdtraj,736,mdtraj/mdtraj,315
github,267,github:igvteam/igv.js,735,igvteam/igv.js,316
github,268,github:nglviewer/ngl,733,nglviewer/ngl,317
github,269,github:vsbuffalo/bds-files,732,vsbuffalo/bds-files,318
github,270,github:computational-cell-analytics/micro-sam,729,computational-cell-analytics/micro-sam,319
github,271,github:graylab/dl4proteins-notebooks,728,Graylab/DL4Proteins-notebooks,321
github,272,github:zaeleus/noodles,728,zaeleus/noodles,320
github,273,github:voutcn/megahit,726,voutcn/megahit,322
github,274,github:bowang-lab/medsam2,725,bowang-lab/MedSAM2,323
github,275,github:pharmai/plip,719,pharmai/plip,325
github,276,github:torchmd/torchmd,718,torchmd/torchmd,326
github,277,github:asoplata/open-computational-neuroscience-resources,715,asoplata/open-computational-neuroscience-resources,327
github,278,github:brainpy/brainpy,714,brainpy/BrainPy,328
github,279,github:taokz/biomedgpt,713,taokz/BiomedGPT,329
github,280,github:zqfang/gseapy,711,zqfang/GSEApy,330
github,281,github:naver/biobert-pretrained,710,naver/biobert-pretrained,331
github,282,github:microsoft/biomedparse,709,microsoft/BiomedParse,332
github,283,github:chainer/chainer-chemistry,708,chainer/chainer-chemistry,333
github,284,github:seq-lang/seq,707,seq-lang/seq,334
github,285,github:edinburgh-genome-foundry/dnafeaturesviewer,705,Edinburgh-Genome-Foundry/DnaFeaturesViewer,336
github,286,github:salesforce/progen,705,salesforce/progen,335
github,287,github:ryanwangzf/medclip,698,RyanWangZf/MedCLIP,337
github,288,github:smart-on-fhir/client-py,696,smart-on-fhir/client-py,338
github,289,github:lirongwu/awesome-protein-representation-learning,687,LirongWu/awesome-protein-representation-learning,340
github,290,github:vcflib/vcflib,686,vcflib/vcflib,341
github,291,github:microsoft/evodiff,685,microsoft/evodiff,342
github,292,github:broadinstitute/infercnv,684,broadinstitute/infercnv,343
github,293,github:oschwengers/bakta,682,oschwengers/bakta,344
github,294,github:fritzsedlazeck/sniffles,680,fritzsedlazeck/Sniffles,346
github,295,github:rrwick/bandage,679,rrwick/Bandage,347
github,296,github:openchemistry/avogadrolibs,678,OpenChemistry/avogadrolibs,348
github,297,github:rmaphoh/retfound,677,rmaphoh/RETFound,349
github,298,github:zhanghao-njmu/scp,675,zhanghao-njmu/SCP,350
github,299,github:jinworks/cellchat,674,jinworks/CellChat,351
github,300,github:brainglobe/brainrender,673,brainglobe/brainrender,353
