source_id,name,repo,result,notebook_count,main_repository_count,linked_or_package_count,rendered_fallback_count,format_counts
bioconductor:alabaster.matrix,alabaster.matrix,,located,1,0,1,0,"{""R Markdown"": 1}"
bioconductor:alabaster.ranges,alabaster.ranges,,located,1,0,1,0,"{""R Markdown"": 1}"
bioconductor:alabaster.sce,alabaster.sce,,located,1,0,1,0,"{""R Markdown"": 1}"
bioconductor:alabaster.schemas,alabaster.schemas,,located,1,0,1,0,"{""R Markdown"": 1}"
bioconductor:alabaster.se,alabaster.se,,located,1,0,1,0,"{""R Markdown"": 1}"
bioconductor:annotate,annotate,,located,7,0,7,0,"{""R Markdown"": 2, ""Sweave/knitr"": 5}"
bioconductor:apeglm,apeglm,,located,1,0,1,0,"{""R Markdown"": 1}"
bioconductor:aucell,AUCell,,located,1,0,1,0,"{""R Markdown"": 1}"
bioconductor:basilisk.utils,basilisk.utils,,located,1,0,1,0,"{""R Markdown"": 1}"
bioconductor:batchelor,batchelor,,located,2,0,2,0,"{""R Markdown"": 2}"
bioconductor:beadarray,beadarray,,located,4,0,4,0,"{""R Markdown"": 4}"
bioconductor:biocneighbors,BiocNeighbors,,located,1,0,1,0,"{""R Markdown"": 1}"
bioconductor:biocversion,BiocVersion,,lead,0,0,0,0,{}
bioconductor:biovizbase,biovizBase,,located,1,0,1,0,"{""Sweave/knitr"": 1}"
bioconductor:bluster,bluster,,located,2,0,2,0,"{""R Markdown"": 2}"
bioconductor:category,Category,,located,2,0,2,0,"{""Sweave/knitr"": 2}"
bioconductor:champ,ChAMP,,located,1,0,1,0,"{""R Markdown"": 1}"
bioconductor:chippeakanno,ChIPpeakAnno,,located,1,0,1,0,"{""R Markdown"": 1}"
bioconductor:chipseq,chipseq,,located,1,0,1,0,"{""R Markdown"": 1}"
bioconductor:chromvar,chromVAR,,located,1,0,1,0,"{""R Markdown"": 1}"
bioconductor:consensusclusterplus,ConsensusClusterPlus,,located,1,0,1,0,"{""Sweave/knitr"": 1}"
bioconductor:cytolib,cytolib,,located,1,0,1,0,"{""R Markdown"": 1}"
bioconductor:decipher,DECIPHER,,located,15,0,15,0,"{""Sweave/knitr"": 15}"
bioconductor:dexseq,DEXSeq,,located,1,0,1,0,"{""R Markdown"": 1}"
bioconductor:diffbind,DiffBind,,located,1,0,1,0,"{""Sweave/knitr"": 1}"
bioconductor:dir.expiry,dir.expiry,,located,1,0,1,0,"{""R Markdown"": 1}"
bioconductor:dittoseq,dittoSeq,,located,1,0,1,0,"{""R Markdown"": 1}"
bioconductor:dmrcate,DMRcate,,located,3,0,3,0,"{""Sweave/knitr"": 3}"
bioconductor:dnacopy,DNAcopy,,located,1,0,1,0,"{""Sweave/knitr"": 1}"
bioconductor:dropletutils,DropletUtils,,located,1,0,1,0,"{""R Markdown"": 1}"
bioconductor:dss,DSS,,located,1,0,1,0,"{""R Markdown"": 1}"
bioconductor:dyndoc,DynDoc,,lead,0,0,0,0,{}
bioconductor:edger,edgeR,,located,1,0,1,1,"{""R Markdown"": 1}"
bioconductor:flowclust,flowClust,,located,1,0,1,0,"{""R Markdown"": 1}"
bioconductor:flowcore,flowCore,,located,1,0,1,0,"{""Sweave/knitr"": 1}"
bioconductor:flowsom,FlowSOM,,located,1,0,1,0,"{""Sweave/knitr"": 1}"
bioconductor:flowviz,flowViz,,located,1,0,1,0,"{""R Markdown"": 1}"
bioconductor:flowworkspace,flowWorkspace,,located,2,0,2,0,"{""R Markdown"": 2}"
bioconductor:gcrma,gcrma,,located,1,0,1,0,"{""Sweave/knitr"": 1}"
bioconductor:genefilter,genefilter,,located,3,0,3,0,"{""R Markdown"": 2, ""Sweave/knitr"": 1}"
bioconductor:geneoverlap,GeneOverlap,,located,1,0,1,0,"{""Sweave/knitr"": 1}"
bioconductor:geneplotter,geneplotter,,located,2,0,2,0,"{""R Markdown"": 1, ""Sweave/knitr"": 1}"
bioconductor:genie3,GENIE3,,located,1,0,1,0,"{""R Markdown"": 1}"
bioconductor:genomeinfodbdata,GenomeInfoDbData,,lead,0,0,0,0,{}
bioconductor:globalancova,GlobalAncova,,located,2,0,2,0,"{""Sweave/knitr"": 2}"
bioconductor:globaltest,globaltest,,located,1,0,1,0,"{""Sweave/knitr"": 1}"
bioconductor:go.db,go.db,,unknown,0,0,0,0,{}
bioconductor:gostats,GOstats,,located,3,0,3,0,"{""R Markdown"": 3}"
bioconductor:graph,graph,,located,5,0,5,0,"{""R Markdown"": 5}"
bioconductor:greylistchip,GreyListChIP,,located,1,0,1,0,"{""Sweave/knitr"": 1}"
bioconductor:gseabase,GSEABase,,located,1,0,1,0,"{""R Markdown"": 1}"
bioconductor:ihw,IHW,,located,1,0,1,0,"{""R Markdown"": 1}"
bioconductor:impute,impute,,lead,0,0,0,0,{}
bioconductor:interactionset,InteractionSet,,located,1,0,1,0,"{""R Markdown"": 1}"
bioconductor:interactivedisplaybase,interactiveDisplayBase,,located,1,0,1,0,"{""R Markdown"": 1}"
bioconductor:kegggraph,KEGGgraph,,located,2,0,2,0,"{""Sweave/knitr"": 2}"
bioconductor:limma,limma,,located,1,0,1,1,"{""R Markdown"": 1}"
bioconductor:lumi,lumi,,located,0,0,0,4,{}
bioconductor:marray,marray,,located,6,0,6,0,"{""Sweave/knitr"": 6}"
bioconductor:mfuzz,Mfuzz,,located,1,0,1,0,"{""Sweave/knitr"": 1}"
bioconductor:microrna,microRNA,,lead,0,0,0,0,{}
bioconductor:minet,minet,,lead,0,0,0,0,{}
bioconductor:missmethyl,missMethyl,,located,1,0,1,0,"{""R Markdown"": 1}"
bioconductor:mlinterfaces,MLInterfaces,,located,3,0,3,0,"{""R Markdown"": 2, ""Sweave/knitr"": 1}"
bioconductor:monocle,monocle,,located,1,0,1,0,"{""Sweave/knitr"": 1}"
bioconductor:motifdb,MotifDb,,located,1,0,1,0,"{""R Markdown"": 1}"
bioconductor:motifmatchr,motifmatchr,,located,1,0,1,0,"{""R Markdown"": 1}"
bioconductor:motifstack,motifStack,,located,1,0,1,0,"{""R Markdown"": 1}"
bioconductor:msstats,MSstats,,located,3,0,3,0,"{""R Markdown"": 3}"
bioconductor:multidataset,MultiDataSet,,located,2,0,2,0,"{""R Markdown"": 2}"
bioconductor:multtest,multtest,,located,3,0,3,3,"{""Sweave/knitr"": 3}"
bioconductor:mzid,mzID,,located,1,0,1,0,"{""Sweave/knitr"": 1}"
bioconductor:ncdfflow,ncdfFlow,,located,1,0,1,0,"{""Sweave/knitr"": 1}"
bioconductor:oligoclasses,oligoClasses,,lead,0,0,0,0,{}
bioconductor:opencyto,openCyto,,located,3,0,3,0,"{""R Markdown"": 3}"
bioconductor:org.hs.eg.db,org.hs.eg.db,,unknown,0,0,0,0,{}
bioconductor:organismdbi,OrganismDbi,,located,1,0,1,0,"{""R Markdown"": 1}"
bioconductor:quantiseqr,quantiseqr,,located,1,0,1,0,"{""R Markdown"": 1}"
bioconductor:rbgl,RBGL,,located,1,0,1,0,"{""R Markdown"": 1}"
bioconductor:regioner,regioneR,,located,1,0,1,0,"{""R Markdown"": 1}"
bioconductor:reportingtools,ReportingTools,,located,4,0,4,0,"{""Sweave/knitr"": 4}"
bioconductor:rgraphviz,Rgraphviz,,located,2,0,2,0,"{""Sweave/knitr"": 2}"
bioconductor:ropls,ropls,,located,1,0,1,0,"{""R Markdown"": 1}"
bioconductor:rprotobuflib,RProtoBufLib,,located,1,0,1,0,"{""R Markdown"": 1}"
bioconductor:rsubread,Rsubread,,located,1,0,1,0,"{""Sweave/knitr"": 1}"
bioconductor:rtracklayer,rtracklayer,,located,1,0,1,0,"{""Sweave/knitr"": 1}"
bioconductor:safe,safe,,located,1,0,1,0,"{""Sweave/knitr"": 1}"
bioconductor:scater,scater,,located,1,0,1,0,"{""R Markdown"": 1}"
bioconductor:scds,scds,,located,1,0,1,0,"{""R Markdown"": 1}"
bioconductor:scuttle,scuttle,,located,1,0,1,0,"{""R Markdown"": 1}"
bioconductor:seqpattern,seqPattern,,located,1,0,1,0,"{""Sweave/knitr"": 1}"
bioconductor:siggenes,siggenes,,located,1,0,1,0,"{""Sweave/knitr"": 1}"
bioconductor:singlecellexperiment,SingleCellExperiment,,located,3,0,3,0,"{""R Markdown"": 3}"
bioconductor:snpstats,snpStats,,located,8,0,8,0,"{""Sweave/knitr"": 8}"
bioconductor:spia,SPIA,,located,1,0,1,0,"{""Sweave/knitr"": 1}"
bioconductor:stringdb,STRINGdb,,located,1,0,1,0,"{""Sweave/knitr"": 1}"
bioconductor:survcomp,survcomp,,located,1,0,1,0,"{""Sweave/knitr"": 1}"
bioconductor:sva,sva,,located,1,0,1,0,"{""Sweave/knitr"": 1}"
bioconductor:tkwidgets,tkWidgets,,located,2,0,2,0,"{""Sweave/knitr"": 2}"
bioconductor:trackviewer,trackViewer,,located,5,0,5,0,"{""R Markdown"": 5}"
bioconductor:treesummarizedexperiment,TreeSummarizedExperiment,,located,2,0,2,0,"{""R Markdown"": 2}"
bioconductor:variantannotation,VariantAnnotation,,located,3,0,3,0,"{""R Markdown"": 3}"
bioconductor:viper,viper,,located,1,0,1,0,"{""Sweave/knitr"": 1}"
bioconductor:watermelon,wateRmelon,,located,1,0,1,0,"{""R Markdown"": 1}"
bioconductor:widgettools,widgetTools,,located,1,0,1,0,"{""Sweave/knitr"": 1}"
bioconductor:zlibbioc,zlibbioc,,unknown,0,0,0,0,{}
github:3dmol/3dmol.js,py3dmol,3dmol/3Dmol.js,located,8,8,0,0,"{""Jupyter"": 8}"
github:4dn-dcic/pairix,pairix,4dn-dcic/pairix,none_detected,0,0,0,0,{}
github:a-r-j/graphein,a-r-j/graphein,a-r-j/graphein,located,30,30,0,0,"{""Jupyter"": 30}"
github:abacus-gene/paml,paml,abacus-gene/paml,none_detected,0,0,0,0,{}
github:abhishektiwari/hbat,hbat,abhishektiwari/hbat,located,3,3,0,0,"{""Jupyter"": 3}"
github:ablab/quast,QUAST,ablab/quast,lead,0,0,0,0,{}
github:ablab/spades,SPAdes,ablab/spades,located,1,1,0,0,"{""Jupyter"": 1}"
github:adalca/medical-datasets,adalca/medical-datasets,adalca/medical-datasets,none_detected,0,0,0,0,{}
github:aertslab/rcistarget,RcisTarget,aertslab/RcisTarget,located,3,3,0,0,"{""R Markdown"": 3}"
github:agemagician/prottrans,agemagician/ProtTrans,agemagician/ProtTrans,located,34,34,0,0,"{""Jupyter"": 34}"
github:aim-harvard/pyradiomics,pyradiomics,AIM-Harvard/pyradiomics,located,8,8,0,0,"{""Jupyter"": 8}"
github:aipoch/medical-research-skills,aipoch/medical-research-skills,aipoch/medical-research-skills,none_detected,0,0,0,0,{}
github:al2na/methylkit,methylKit,al2na/methylKit,located,1,1,0,0,"{""R Markdown"": 1}"
github:albarqouni/deep-learning-for-medical-applications,albarqouni/Deep-Learning-for-Medical-Applications,albarqouni/Deep-Learning-for-Medical-Applications,none_detected,0,0,0,0,{}
github:alchemistry/alchemlyb,alchemlyb,alchemistry/alchemlyb,lead,0,0,0,0,{}
github:alexdobin/star,STAR,alexdobin/STAR,none_detected,0,0,0,0,{}
github:alexg9010/fastseg,fastseg,alexg9010/fastseg,located,1,1,0,0,"{""R Markdown"": 1}"
github:allenai/scispacy,scispacy,allenai/scispacy,none_detected,0,0,0,0,{}
github:alserglab/fgsea,fgsea,alserglab/fgsea,located,2,2,0,0,"{""R Markdown"": 2}"
github:althonos/pronto,pronto,althonos/pronto,located,1,1,0,0,"{""Jupyter"": 1}"
github:althonos/pyfamsa,pyfamsa,althonos/pyfamsa,none_detected,0,0,0,0,{}
github:althonos/pyhmmer,pyhmmer,althonos/pyhmmer,located,6,6,0,0,"{""Jupyter"": 6}"
github:althonos/pyrodigal,pyrodigal,althonos/pyrodigal,none_detected,0,0,0,0,{}
github:althonos/scoring-matrices,scoring-matrices,althonos/scoring-matrices,unknown,0,0,0,0,{}
github:alyssafrazee/ballgown,ballgown,alyssafrazee/ballgown,located,1,1,0,0,"{""R Markdown"": 1}"
github:amirhossein-kz/awesome-diffusion-models-in-medical-imaging,amirhossein-kz/Awesome-Diffusion-Models-in-Medical-Imaging,amirhossein-kz/Awesome-Diffusion-Models-in-Medical-Imaging,unknown,0,0,0,0,{}
github:analyticalmonk/awesome-neuroscience,analyticalmonk/awesome-neuroscience,analyticalmonk/awesome-neuroscience,none_detected,0,0,0,0,{}
github:angeloucn/min_max_similarity,AngeLouCN/Min_Max_Similarity,AngeLouCN/Min_Max_Similarity,none_detected,0,0,0,0,{}
github:antigenomics/arda,arda-mapper,antigenomics/arda,located,1,1,0,0,"{""marimo"": 1}"
github:antigenomics/vdjtools,vdjtools,antigenomics/vdjtools,lead,0,0,0,0,{}
github:antsx/ants,ANTsX/ANTs,ANTsX/ANTs,located,1,1,0,0,"{""R Markdown"": 1}"
github:antsx/antspy,ANTsX/ANTsPy,ANTsX/ANTsPy,located,5,5,0,0,"{""Jupyter"": 5}"
github:aoles/ebimage,EBImage,aoles/EBImage,located,1,1,0,0,"{""R Markdown"": 1}"
github:applied-bioinformatics/an-introduction-to-applied-bioinformatics,applied-bioinformatics/An-Introduction-To-Applied-Bioinformatics,applied-bioinformatics/An-Introduction-To-Applied-Bioinformatics,none_detected,0,0,0,0,{}
github:aqlaboratory/openfold-3,aqlaboratory/openfold-3,aqlaboratory/openfold-3,located,1,1,0,0,"{""Jupyter"": 1}"
github:aqlaboratory/proteinnet,aqlaboratory/proteinnet,aqlaboratory/proteinnet,none_detected,0,0,0,0,{}
github:ariloytynoja/prank-msa,prank,ariloytynoja/prank-msa,unknown,0,0,0,0,{}
github:arpcard/rgi,rgi,arpcard/rgi,none_detected,0,0,0,0,{}
github:arq5x/bedtools2,BEDTools,arq5x/bedtools2,none_detected,0,0,0,0,{}
github:artifactdb/alabaster.base,alabaster.base,ArtifactDB/alabaster.base,located,1,1,0,0,"{""R Markdown"": 1}"
github:artifactdb/gypsum-r,gypsum,ArtifactDB/gypsum-R,located,1,1,0,0,"{""R Markdown"": 1}"
github:arvados/arvados,arvados-python-client,arvados/arvados,lead,0,0,0,0,{}
github:asntech/pyjaspar,pyjaspar,asntech/pyjaspar,located,1,1,0,0,"{""Jupyter"": 1}"
github:asoplata/open-computational-neuroscience-resources,asoplata/open-computational-neuroscience-resources,asoplata/open-computational-neuroscience-resources,none_detected,0,0,0,0,{}
github:aspirincode/papers-for-molecular-design-using-dl,AspirinCode/papers-for-molecular-design-using-DL,AspirinCode/papers-for-molecular-design-using-DL,unknown,0,0,0,0,{}
github:astrazeneca/chemicalx,AstraZeneca/chemicalx,AstraZeneca/chemicalx,lead,0,0,0,0,{}
github:atks/vt,vt,atks/vt,none_detected,0,0,0,0,{}
github:awslabs/dgl-lifesci,awslabs/dgl-lifesci,awslabs/dgl-lifesci,unknown,0,0,0,0,{}
github:backofenlab/intarna,intarna,BackofenLab/IntaRNA,lead,0,0,0,0,{}
github:bactopia/bactopia,bactopia,bactopia/bactopia,lead,0,0,0,0,{}
github:baranzinilab/kg_rag,BaranziniLab/KG_RAG,BaranziniLab/KG_RAG,located,28,28,0,0,"{""Jupyter"": 28}"
github:bayer-group/tiffslide,tiffslide,Bayer-Group/tiffslide,none_detected,0,0,0,0,{}
github:bbuchfink/diamond,DIAMOND,bbuchfink/diamond,none_detected,0,0,0,0,{}
github:bbushnell/bbtools,BBTools,bbushnell/BBTools,none_detected,0,0,0,0,{}
github:bcbio/bcbio-nextgen,bcbio-nextgen,bcbio/bcbio-nextgen,located,1,1,0,0,"{""R Markdown"": 1}"
github:bebop/poly,bebop/poly,bebop/poly,none_detected,0,0,0,0,{}
github:beckschen/transunet,Beckschen/TransUNet,Beckschen/TransUNet,none_detected,0,0,0,0,{}
github:bedops/bedops,BEDOPS,bedops/bedops,lead,0,0,0,0,{}
github:benilton/oligo,oligo,benilton/oligo,located,3,3,0,0,"{""Sweave/knitr"": 3}"
github:benjjneb/dada2,dada2,benjjneb/dada2,located,1,1,0,0,"{""R Markdown"": 1}"
github:benjjneb/decontam,decontam,benjjneb/decontam,located,1,1,0,0,"{""R Markdown"": 1}"
github:benlangmead/bowtie,bowtie,BenLangmead/bowtie,none_detected,0,0,0,0,{}
github:benlangmead/bowtie2,Bowtie 2,BenLangmead/bowtie2,none_detected,0,0,0,0,{}
github:bernatgel/karyoploter,karyoploteR,bernatgel/karyoploteR,located,1,1,0,0,"{""R Markdown"": 1}"
github:bids-standard/pybids,pybids,bids-standard/pybids,located,4,4,0,0,"{""Jupyter"": 1, ""Jupytext"": 3}"
github:bigdatagenomics/adam,bigdatagenomics/adam,bigdatagenomics/adam,unknown,0,0,0,0,{}
github:bihealth/vcfpy,vcfpy,bihealth/vcfpy,lead,0,0,0,0,{}
github:bimsbbioinfo/genomation,genomation,BIMSBbioinfo/genomation,located,1,1,0,0,"{""R Markdown"": 1}"
github:biobakery/maaslin2,Maaslin2,biobakery/Maaslin2,located,1,1,0,0,"{""R Markdown"": 1}"
github:biobakery/metaphlan,metaphlan,biobakery/MetaPhlAn,located,1,1,0,0,"{""Sweave/knitr"": 1}"
github:biocommons/biocommons.seqrepo,biocommons-seqrepo,biocommons/biocommons.seqrepo,located,3,3,0,0,"{""Jupyter"": 3}"
github:biocommons/bioutils,bioutils,biocommons/bioutils,unknown,0,0,0,0,{}
github:biocommons/eutils,eutils,biocommons/eutils,unknown,0,0,0,0,{}
github:biocommons/hgvs,hgvs,biocommons/hgvs,located,9,9,0,0,"{""Jupyter"": 9}"
github:bioconda/bioconda-recipes,Bioconductor data-package installer,bioconda/bioconda-recipes,located,1,1,0,0,"{""R Markdown"": 1}"
github:bioconda/bioconda-utils,bioconda-utils,bioconda/bioconda-utils,lead,0,0,0,0,{}
github:bioconductor/annotationdbi,AnnotationDbi,Bioconductor/AnnotationDbi,located,2,2,0,0,"{""Sweave/knitr"": 2}"
github:bioconductor/annotationfilter,AnnotationFilter,Bioconductor/AnnotationFilter,located,1,1,0,0,"{""R Markdown"": 1}"
github:bioconductor/annotationforge,AnnotationForge,Bioconductor/AnnotationForge,located,4,4,0,0,"{""R Markdown"": 2, ""Sweave/knitr"": 2}"
github:bioconductor/annotationhub,AnnotationHub,Bioconductor/AnnotationHub,located,3,3,0,0,"{""R Markdown"": 3}"
github:bioconductor/biobase,Biobase,Bioconductor/Biobase,located,7,7,0,0,"{""R Markdown"": 2, ""Sweave/knitr"": 5}"
github:bioconductor/biocbaseutils,BiocBaseUtils,Bioconductor/BiocBaseUtils,located,2,2,0,0,"{""R Markdown"": 2}"
github:bioconductor/bioccheck,BiocCheck,Bioconductor/BiocCheck,located,10,10,0,0,"{""Quarto"": 1, ""R Markdown"": 8, ""Sweave/knitr"": 1}"
github:bioconductor/biocfilecache,BiocFileCache,Bioconductor/BiocFileCache,located,3,3,0,0,"{""R Markdown"": 3}"
github:bioconductor/biocgenerics,BiocGenerics,Bioconductor/BiocGenerics,none_detected,0,0,0,0,{}
github:bioconductor/biocio,BiocIO,Bioconductor/BiocIO,located,1,1,0,0,"{""R Markdown"": 1}"
github:bioconductor/biocparallel,BiocParallel,Bioconductor/BiocParallel,located,4,4,0,0,"{""R Markdown"": 4}"
github:bioconductor/biocstyle,BiocStyle,Bioconductor/BiocStyle,located,9,9,0,0,"{""R Markdown"": 3, ""Sweave/knitr"": 6}"
github:bioconductor/biocviews,biocViews,Bioconductor/biocViews,located,2,2,0,0,"{""R Markdown"": 2}"
github:bioconductor/biostrings,Biostrings,Bioconductor/Biostrings,located,6,6,0,0,"{""R Markdown"": 3, ""Sweave/knitr"": 3}"
github:bioconductor/bsgenome,BSgenome,Bioconductor/BSgenome,located,2,2,0,0,"{""Sweave/knitr"": 2}"
github:bioconductor/cigarillo,cigarillo,Bioconductor/cigarillo,located,1,1,0,0,"{""R Markdown"": 1}"
github:bioconductor/delayedarray,DelayedArray,Bioconductor/DelayedArray,located,3,3,0,0,"{""R Markdown"": 1, ""Sweave/knitr"": 2}"
github:bioconductor/experimenthub,ExperimentHub,Bioconductor/ExperimentHub,located,1,1,0,0,"{""R Markdown"": 1}"
github:bioconductor/genomeinfodb,GenomeInfoDb,Bioconductor/GenomeInfoDb,located,2,2,0,0,"{""R Markdown"": 1, ""Sweave/knitr"": 1}"
github:bioconductor/genomicalignments,GenomicAlignments,Bioconductor/GenomicAlignments,located,4,4,0,0,"{""R Markdown"": 1, ""Sweave/knitr"": 3}"
github:bioconductor/genomicdatacommons,GenomicDataCommons,Bioconductor/GenomicDataCommons,located,4,4,0,0,"{""R Markdown"": 4}"
github:bioconductor/genomicfeatures,GenomicFeatures,Bioconductor/GenomicFeatures,located,1,1,0,0,"{""R Markdown"": 1}"
github:bioconductor/genomicfiles,GenomicFiles,Bioconductor/GenomicFiles,located,1,1,0,0,"{""R Markdown"": 1}"
github:bioconductor/genomicranges,GenomicRanges,Bioconductor/GenomicRanges,located,5,5,0,0,"{""R Markdown"": 1, ""Sweave/knitr"": 4}"
github:bioconductor/h5mread,h5mread,Bioconductor/h5mread,located,1,1,0,0,"{""R Markdown"": 1}"
github:bioconductor/hdf5array,HDF5Array,Bioconductor/HDF5Array,located,1,1,0,0,"{""R Markdown"": 1}"
github:bioconductor/iranges,IRanges,Bioconductor/IRanges,located,1,1,0,0,"{""Sweave/knitr"": 1}"
github:bioconductor/keggrest,KEGGREST,Bioconductor/KEGGREST,located,1,1,0,0,"{""R Markdown"": 1}"
github:bioconductor/matrixgenerics,MatrixGenerics,Bioconductor/MatrixGenerics,none_detected,0,0,0,0,{}
github:bioconductor/pwalign,pwalign,Bioconductor/pwalign,located,1,1,0,0,"{""Sweave/knitr"": 1}"
github:bioconductor/raggedexperiment,RaggedExperiment,Bioconductor/RaggedExperiment,located,2,2,0,0,"{""R Markdown"": 2}"
github:bioconductor/rhtslib,Rhtslib,Bioconductor/Rhtslib,located,1,1,0,0,"{""R Markdown"": 1}"
github:bioconductor/rsamtools,Rsamtools,Bioconductor/Rsamtools,located,1,1,0,0,"{""R Markdown"": 1}"
github:bioconductor/s4arrays,S4Arrays,Bioconductor/S4Arrays,located,1,1,0,0,"{""R Markdown"": 1}"
github:bioconductor/s4vectors,S4Vectors,Bioconductor/S4Vectors,located,3,3,0,0,"{""R Markdown"": 3}"
github:bioconductor/seqinfo,Seqinfo,Bioconductor/Seqinfo,located,1,1,0,0,"{""R Markdown"": 1}"
github:bioconductor/shortread,ShortRead,Bioconductor/ShortRead,located,2,2,0,0,"{""R Markdown"": 1, ""Sweave/knitr"": 1}"
github:bioconductor/sparsearray,SparseArray,Bioconductor/SparseArray,located,1,1,0,0,"{""R Markdown"": 1}"
github:bioconductor/summarizedexperiment,SummarizedExperiment,Bioconductor/SummarizedExperiment,located,2,2,0,0,"{""R Markdown"": 2}"
github:bioconductor/txdbmaker,txdbmaker,Bioconductor/txdbmaker,located,1,1,0,0,"{""R Markdown"": 1}"
github:bioconductor/ucsc.utils,UCSC.utils,Bioconductor/UCSC.utils,located,1,1,0,0,"{""R Markdown"": 1}"
github:bioconductor/uniprot.ws,UniProt.ws,Bioconductor/UniProt.ws,located,2,2,0,0,"{""R Markdown"": 2}"
github:bioconductor/xvector,XVector,Bioconductor/XVector,none_detected,0,0,0,0,{}
github:biocontainers/containers,BioContainers/containers,BioContainers/containers,located,1,1,0,0,"{""Jupyter"": 1}"
github:biocore/biom-format,biom-format,biocore/biom-format,none_detected,0,0,0,0,{}
github:biocore/deblur,deblur,biocore/deblur,none_detected,0,0,0,0,{}
github:biocore/gneiss,gneiss,biocore/gneiss,located,5,5,0,0,"{""Jupyter"": 5}"
github:biocore/improved-octo-waddle,iow,biocore/improved-octo-waddle,located,2,2,0,0,"{""Jupyter"": 2}"
github:biocore/unifrac,unifrac,biocore/unifrac,none_detected,0,0,0,0,{}
github:biocore/unifrac-binaries,unifrac-binaries,biocore/unifrac-binaries,none_detected,0,0,0,0,{}
github:biocpy/biocframe,biocframe,BiocPy/biocframe,located,1,1,0,0,"{""MyST notebook"": 1}"
github:biocpy/biocutils,biocutils,BiocPy/biocutils,unknown,0,0,0,0,{}
github:biod/sambamba,sambamba,biod/sambamba,lead,0,0,0,0,{}
github:biofam/mofa2,MOFA2,bioFAM/MOFA2,located,3,3,0,0,"{""R Markdown"": 3}"
github:bioinformaticsfmrp/tcgabiolinks,TCGAbiolinks,BioinformaticsFMRP/TCGAbiolinks,located,11,11,0,0,"{""R Markdown"": 11}"
github:bioio-devs/aicspylibczi,aicspylibczi,bioio-devs/aicspylibczi,located,1,1,0,0,"{""Jupyter"": 1}"
github:bioio-devs/bioio,bioio,bioio-devs/bioio,none_detected,0,0,0,0,{}
github:biolink/biolink-model,biolink-model,biolink/biolink-model,none_detected,0,0,0,0,{}
github:biolink/biolink-model-toolkit,bmt,biolink/biolink-model-toolkit,located,2,2,0,0,"{""Jupyter"": 2}"
github:biopandas/biopandas,biopandas,BioPandas/biopandas,located,4,4,0,0,"{""Jupyter"": 4}"
github:biopragmatics/bioregistry,bioregistry,biopragmatics/bioregistry,located,2,2,0,0,"{""Jupyter"": 2}"
github:biopragmatics/bioversions,bioversions,biopragmatics/bioversions,unknown,0,0,0,0,{}
github:biopython/biopython,Biopython,biopython/biopython,lead,0,0,0,0,{}
github:biothings/biothings_client.py,biothings-client,biothings/biothings_client.py,unknown,0,0,0,0,{}
github:biothings/mygene.py,mygene,biothings/mygene.py,located,1,1,0,0,"{""Jupyter"": 1}"
github:biothings/myvariant.py,myvariant,biothings/myvariant.py,located,6,0,6,0,"{""Jupyter"": 6}"
github:biotite-dev/biotite,biotite,biotite-dev/biotite,located,2,0,2,0,"{""Jupyter"": 2}"
github:biotite-dev/hydride,hydride,biotite-dev/hydride,none_detected,0,0,0,0,{}
github:birollab/abyss,abyss,BirolLab/abyss,none_detected,0,0,0,0,{}
github:bjmt/universalmotif,universalmotif,bjmt/universalmotif,located,7,7,0,0,"{""R Markdown"": 7}"
github:black0017/medicalzoopytorch,black0017/MedicalZooPytorch,black0017/MedicalZooPytorch,located,1,1,0,0,"{""Jupyter"": 1}"
github:bmbolstad/affyio,affyio,bmbolstad/affyio,none_detected,0,0,0,0,{}
github:bmbolstad/affyplm,affyPLM,bmbolstad/affyPLM,located,4,4,0,0,"{""Sweave/knitr"": 4}"
github:bmbolstad/preprocesscore,preprocessCore,bmbolstad/preprocessCore,none_detected,0,0,0,0,{}
github:booritas/slideio,slideio,Booritas/slideio,located,11,0,11,0,"{""Jupyter"": 11}"
github:borchlab/screpertoire,scRepertoire,BorchLab/scRepertoire,located,25,25,0,0,"{""R Markdown"": 25}"
github:bowang-lab/medrax,bowang-lab/MedRAX,bowang-lab/MedRAX,located,1,1,0,0,"{""Jupyter"": 1}"
github:bowang-lab/medsam,bowang-lab/MedSAM,bowang-lab/MedSAM,located,3,3,0,0,"{""Jupyter"": 3}"
github:bowang-lab/medsam2,bowang-lab/MedSAM2,bowang-lab/MedSAM2,located,2,2,0,0,"{""Jupyter"": 2}"
github:bowang-lab/scgpt,bowang-lab/scGPT,bowang-lab/scGPT,located,10,10,0,0,"{""Jupyter"": 10}"
github:bowang-lab/u-mamba,bowang-lab/U-Mamba,bowang-lab/U-Mamba,none_detected,0,0,0,0,{}
github:bp-kelley/descriptastorus,descriptastorus,bp-kelley/descriptastorus,unknown,0,0,0,0,{}
github:bradyajohnston/molecularnodes,BradyAJohnston/MolecularNodes,BradyAJohnston/MolecularNodes,located,30,30,0,0,"{""Quarto"": 30}"
github:braindecode/braindecode,braindecode,braindecode/braindecode,located,356,0,356,0,"{""Jupyter"": 356}"
github:brainflow-dev/brainflow,brainflow-dev/brainflow,brainflow-dev/brainflow,located,1,1,0,0,"{""MATLAB Live Script"": 1}"
github:brainglobe/brainrender,brainglobe/brainrender,brainglobe/brainrender,located,1,1,0,0,"{""Jupyter"": 1}"
github:brainpy/brainpy,brainpy/BrainPy,brainpy/BrainPy,located,123,58,65,0,"{""Jupyter"": 123}"
github:brentp/cyvcf2,cyvcf2,brentp/cyvcf2,none_detected,0,0,0,0,{}
github:brentp/mosdepth,mosdepth,brentp/mosdepth,none_detected,0,0,0,0,{}
github:brian-team/brian2,brian2,brian-team/brian2,located,6,3,3,0,"{""Jupyter"": 6}"
github:broadinstitute/cromwell,broadinstitute/cromwell,broadinstitute/cromwell,lead,0,0,0,0,{}
github:broadinstitute/gatk,GATK,broadinstitute/gatk,located,1,1,0,0,"{""Jupyter"": 1}"
github:broadinstitute/infercnv,infercnv,broadinstitute/infercnv,located,4,4,0,0,"{""R Markdown"": 4}"
github:broadinstitute/picard,Picard,broadinstitute/picard,unknown,0,0,0,0,{}
github:bwa-mem2/bwa-mem2,bwa-mem2/bwa-mem2,bwa-mem2/bwa-mem2,none_detected,0,0,0,0,{}
github:bxlab/bx-python,bx-python,bxlab/bx-python,unknown,0,0,0,0,{}
github:caiyuanhao1998/sax-nerf,caiyuanhao1998/SAX-NeRF,caiyuanhao1998/SAX-NeRF,none_detected,0,0,0,0,{}
github:campbio/celda,celda,campbio/celda,located,6,6,0,0,"{""R Markdown"": 6}"
github:carmonalab/ucell,UCell,carmonalab/UCell,located,4,4,0,0,"{""R Markdown"": 4}"
github:cbcrg/tcoffee,t-coffee,cbcrg/tcoffee,none_detected,0,0,0,0,{}
github:cbioportal/cbioportal,cBioPortal/cbioportal,cBioPortal/cbioportal,unknown,0,0,0,0,{}
github:cbluebenchmark/cblue,CBLUEbenchmark/CBLUE,CBLUEbenchmark/CBLUE,none_detected,0,0,0,0,{}
github:cbouy/mols2grid,cbouy/mols2grid,cbouy/mols2grid,located,5,5,0,0,"{""Jupyter"": 4, ""marimo"": 1}"
github:ccp4/ccp4i2,ccp4i2,ccp4/ccp4i2,unknown,0,0,0,0,{}
github:ccpem/mrcfile,mrcfile,ccpem/mrcfile,none_detected,0,0,0,0,{}
github:ccsb-scripps/autodock-vina,vina,ccsb-scripps/AutoDock-Vina,none_detected,0,0,0,0,{}
github:cellprofiler/cellprofiler,CellProfiler/CellProfiler,CellProfiler/CellProfiler,none_detected,0,0,0,0,{}
github:cellprofiler/centrosome,centrosome,CellProfiler/centrosome,none_detected,0,0,0,0,{}
github:cgatoxford/umi-tools,umi_tools,CGATOxford/UMI-tools,lead,0,0,0,0,{}
github:cgohlke/molmass,molmass,cgohlke/molmass,lead,0,0,0,0,{}
github:chainer/chainer-chemistry,chainer/chainer-chemistry,chainer/chainer-chemistry,located,2,2,0,0,"{""Jupyter"": 2}"
github:chanzuckerberg/cellxgene,chanzuckerberg/cellxgene,chanzuckerberg/cellxgene,unknown,0,0,0,0,{}
github:chanzuckerberg/cellxgene-census,cellxgene-census,chanzuckerberg/cellxgene-census,located,62,62,0,0,"{""Jupyter"": 52, ""R Markdown"": 10}"
github:chanzuckerberg/miniwdl,miniwdl,chanzuckerberg/miniwdl,none_detected,0,0,0,0,{}
github:chapmanb/bcbb,bcbio-gff,chapmanb/bcbb,located,1,1,0,0,"{""Jupyter"": 1}"
github:chemfiles/chemfiles.py,chemfiles,chemfiles/chemfiles.py,none_detected,0,0,0,0,{}
github:chemosim-lab/prolif,prolif,chemosim-lab/ProLIF,located,7,7,0,0,"{""Jupyter"": 7}"
github:chemprop/chemprop,chemprop,chemprop/chemprop,located,46,46,0,0,"{""Jupyter"": 46}"
github:chhylp123/hifiasm,chhylp123/hifiasm,chhylp123/hifiasm,none_detected,0,0,0,0,{}
github:choderalab/pymbar,pymbar,choderalab/pymbar,none_detected,0,0,0,0,{}
github:cidarlab/cello,CIDARLAB/cello,CIDARLAB/cello,none_detected,0,0,0,0,{}
github:clawbio/clawbio,ClawBio/ClawBio,ClawBio/ClawBio,located,5,5,0,0,"{""Jupyter"": 5}"
github:clbarnes/transformnd,transformnd,clbarnes/transformnd,located,2,2,0,0,"{""marimo"": 2}"
github:clinical-genomics/cg,cg,Clinical-Genomics/cg,unknown,0,0,0,0,{}
github:cmu-delphi/delphi-epidata,delphi-epidata,cmu-delphi/delphi-epidata,lead,0,0,0,0,{}
github:cokelaer/bioservices,bioservices,cokelaer/bioservices,located,22,17,5,0,"{""Jupyter"": 22}"
github:combine-lab/salmon,Salmon,COMBINE-lab/salmon,none_detected,0,0,0,0,{}
github:common-workflow-language/cwl-upgrader,cwl-upgrader,common-workflow-language/cwl-upgrader,none_detected,0,0,0,0,{}
github:common-workflow-language/cwltool,cwltool,common-workflow-language/cwltool,none_detected,0,0,0,0,{}
github:commontk/ctk,commontk/CTK,commontk/CTK,none_detected,0,0,0,0,{}
github:compomics/peptide-shaker,PeptideShaker,CompOmics/peptide-shaker,none_detected,0,0,0,0,{}
github:compomics/searchgui,SearchGUI,CompOmics/searchgui,none_detected,0,0,0,0,{}
github:computational-cell-analytics/micro-sam,computational-cell-analytics/micro-sam,computational-cell-analytics/micro-sam,located,5,5,0,0,"{""Jupyter"": 5}"
github:const-ae/glmgampoi,glmGamPoi,const-ae/glmGamPoi,located,3,3,0,0,"{""R Markdown"": 3}"
github:const-ae/sparsematrixstats,sparseMatrixStats,const-ae/sparseMatrixStats,located,2,2,0,0,"{""R Markdown"": 2}"
github:copasi/basico,copasi-basico,copasi/basico,located,30,30,0,0,"{""Jupyter"": 30}"
github:cornerstonejs/cornerstone,cornerstonejs/cornerstone,cornerstonejs/cornerstone,lead,0,0,0,0,{}
github:cornerstonejs/cornerstone3d,cornerstonejs/cornerstone3D,cornerstonejs/cornerstone3D,none_detected,0,0,0,0,{}
github:cov-lineages/pango-designation,pango-designation,cov-lineages/pango-designation,located,1,1,0,0,"{""Jupyter"": 1}"
github:crazyhottommy/getting-started-with-genomics-tools-and-resources,crazyhottommy/getting-started-with-genomics-tools-and-resources,crazyhottommy/getting-started-with-genomics-tools-and-resources,none_detected,0,0,0,0,{}
github:cthoyt/ols-client,ols-client,cthoyt/ols-client,unknown,0,0,0,0,{}
github:cytoscape/rcy3,RCy3,cytoscape/RCy3,located,14,14,0,0,"{""R Markdown"": 14}"
github:daehwankimlab/hisat2,hisat2,DaehwanKimLab/hisat2,none_detected,0,0,0,0,{}
github:daler/gffutils,gffutils,daler/gffutils,lead,0,0,0,0,{}
github:daler/pybedtools,pybedtools,daler/pybedtools,unknown,0,0,0,0,{}
github:dandi/dandi-cli,dandi,dandi/dandi-cli,unknown,0,0,0,0,{}
github:danforthcenter/plantcv,danforthcenter/plantcv,danforthcenter/plantcv,located,11,0,11,0,"{""Jupyter"": 11}"
github:danielecook/awesome-bioinformatics,danielecook/Awesome-Bioinformatics,danielecook/Awesome-Bioinformatics,none_detected,0,0,0,0,{}
github:databio/pypiper,piper,databio/pypiper,located,2,2,0,0,"{""Jupyter"": 2}"
github:databiosphere/toil,toil,DataBiosphere/toil,unknown,0,0,0,0,{}
github:datajoint/datajoint-python,datajoint,datajoint/datajoint-python,located,24,0,24,0,"{""Jupyter"": 24}"
github:datamol-io/datamol,datamol,datamol-io/datamol,located,13,13,0,0,"{""Jupyter"": 13}"
github:datapplab/gage,gage,datapplab/gage,located,3,3,0,0,"{""Sweave/knitr"": 3}"
github:datapplab/pathview,pathview,datapplab/pathview,located,1,1,0,0,"{""Sweave/knitr"": 1}"
github:dauparas/proteinmpnn,dauparas/ProteinMPNN,dauparas/ProteinMPNN,located,6,6,0,0,"{""Jupyter"": 6}"
github:davidemms/orthofinder,davidemms/OrthoFinder,davidemms/OrthoFinder,lead,0,0,0,0,{}
github:davislaboratory/singscore,singscore,DavisLaboratory/singscore,located,1,1,0,0,"{""R Markdown"": 1}"
github:dc-analysis/dclab,dclab,DC-analysis/dclab,lead,0,0,0,0,{}
github:deepchem/deepchem,deepchem/deepchem,deepchem/deepchem,located,78,78,0,0,"{""Jupyter"": 78}"
github:deepgraphlearning/torchdrug,DeepGraphLearning/torchdrug,DeepGraphLearning/torchdrug,unknown,0,0,0,0,{}
github:deeplabcut/deeplabcut,DeepLabCut/DeepLabCut,DeepLabCut/DeepLabCut,located,17,17,0,0,"{""Jupyter"": 17}"
github:deepmedic/deepmedic,deepmedic/deepmedic,deepmedic/deepmedic,none_detected,0,0,0,0,{}
github:deepmodeling/unimol_tools,deepmodeling/unimol_tools,deepmodeling/unimol_tools,none_detected,0,0,0,0,{}
github:deeptools/deeptools,deepTools,deeptools/deepTools,lead,0,0,0,0,{}
github:deeptools/deeptools_intervals,deeptoolsintervals,deeptools/deeptools_intervals,none_detected,0,0,0,0,{}
github:deeptools/hicexplorer,hicexplorer,deeptools/HiCExplorer,located,1,1,0,0,"{""Jupyter"": 1}"
github:deeptools/py2bit,py2bit,deeptools/py2bit,none_detected,0,0,0,0,{}
github:deeptools/pybigwig,pyBigWig,deeptools/pyBigWig,none_detected,0,0,0,0,{}
github:deeptools/pygenometracks,deeptools/pyGenomeTracks,deeptools/pyGenomeTracks,lead,0,0,0,0,{}
github:dereneaton/ipyrad,ipyrad,dereneaton/ipyrad,located,88,88,0,0,"{""Jupyter"": 88}"
github:derrickwood/kraken2,Kraken 2,DerrickWood/kraken2,none_detected,0,0,0,0,{}
github:deweylab/rsem,rsem,deweylab/RSEM,none_detected,0,0,0,0,{}
github:dhimmel/obonet,obonet,dhimmel/obonet,located,1,1,0,0,"{""Jupyter"": 1}"
github:dib-lab/khmer,dib-lab/khmer,dib-lab/khmer,located,1,1,0,0,"{""Jupyter"": 1}"
github:dib-lab/screed,screed,dib-lab/screed,none_detected,0,0,0,0,{}
github:digital-chemistry-laboratory/morfeus,morfeus-ml,digital-chemistry-laboratory/morfeus,none_detected,0,0,0,0,{}
github:dillontsmith/leabra,leabra-psyneulink,dillontsmith/leabra,located,7,7,0,0,"{""Jupyter"": 7}"
github:dipy/dipy,dipy/dipy,dipy/dipy,lead,0,0,0,0,{}
github:diseaseneurogenomics/variancepartition,variancePartition,DiseaseNeuroGenomics/variancePartition,located,7,7,0,0,"{""R Markdown"": 7}"
github:dlce-eva/commonnexus,dlce-eva/commonnexus,dlce-eva/commonnexus,none_detected,0,0,0,0,{}
github:dltk/dltk,DLTK/DLTK,DLTK/DLTK,located,4,4,0,0,"{""Jupyter"": 4}"
github:dmis-lab/biobert,dmis-lab/biobert,dmis-lab/biobert,none_detected,0,0,0,0,{}
github:dnanexus/dx-toolkit,dxpy,dnanexus/dx-toolkit,lead,0,0,0,0,{}
github:dpeerlab/palantir,palantir,dpeerlab/Palantir,located,7,7,0,0,"{""Jupyter"": 7}"
github:dridk/pyvcf3,pyvcf3,dridk/PyVCF3,none_detected,0,0,0,0,{}
github:drighelli/spatialexperiment,SpatialExperiment,drighelli/SpatialExperiment,located,1,1,0,0,"{""R Markdown"": 1}"
github:drisso/edaseq,EDASeq,drisso/EDASeq,located,1,1,0,0,"{""R Markdown"": 1}"
github:drisso/ruvseq,RUVSeq,drisso/RUVSeq,located,1,1,0,0,"{""R Markdown"": 1}"
github:drisso/zinbwave,zinbwave,drisso/zinbwave,located,1,1,0,0,"{""R Markdown"": 1}"
github:drrdom/pmapper,pmapper,DrrDom/pmapper,located,2,2,0,0,"{""Jupyter"": 2}"
github:durrantlab/dimorphite_dl,dimorphite-dl,durrantlab/dimorphite_dl,none_detected,0,0,0,0,{}
github:ebi-gene-expression-group/scanpy-scripts,scanpy-scripts,ebi-gene-expression-group/scanpy-scripts,none_detected,0,0,0,0,{}
github:ebivariation/eva-sub-cli,eva-sub-cli,EBIvariation/eva-sub-cli,none_detected,0,0,0,0,{}
github:ecogenomics/gtdbtk,gtdbtk,Ecogenomics/GTDBTk,located,1,1,0,0,"{""Jupyter"": 1}"
github:eddyrivaslab/hmmer,HMMER,EddyRivasLab/hmmer,none_detected,0,0,0,0,{}
github:eddyrivaslab/infernal,infernal,EddyRivasLab/infernal,none_detected,0,0,0,0,{}
github:edinburgh-genome-foundry/dnafeaturesviewer,Edinburgh-Genome-Foundry/DnaFeaturesViewer,Edinburgh-Genome-Foundry/DnaFeaturesViewer,lead,0,0,0,0,{}
github:ega-archive/crypt4gh,crypt4gh,EGA-archive/crypt4gh,unknown,0,0,0,0,{}
github:eggnogdb/eggnog-mapper,eggnogdb/eggnog-mapper,eggnogdb/eggnog-mapper,none_detected,0,0,0,0,{}
github:ei-corebioinformatics/portcullis,portcullis,EI-CoreBioinformatics/portcullis,none_detected,0,0,0,0,{}
github:electrostatics/mmcif_pdbx,mmcif-pdbx,Electrostatics/mmcif_pdbx,unknown,0,0,0,0,{}
github:electrostatics/pdb2pqr,pdb2pqr,Electrostatics/pdb2pqr,unknown,0,0,0,0,{}
github:ellisdg/3dunetcnn,ellisdg/3DUnetCNN,ellisdg/3DUnetCNN,located,5,5,0,0,"{""Jupyter"": 5}"
github:ensembl/ensembl-vep,Ensembl VEP,Ensembl/ensembl-vep,unknown,0,0,0,0,{}
github:epam/indigo,epam-indigo,epam/Indigo,located,7,7,0,0,"{"".NET Interactive"": 1, ""Jupyter"": 6}"
github:epam/ketcher,epam/ketcher,epam/ketcher,unknown,0,0,0,0,{}
github:eselkin/awesome-computational-neuroscience,eselkin/awesome-computational-neuroscience,eselkin/awesome-computational-neuroscience,unknown,0,0,0,0,{}
github:etal/cnvkit,cnvkit,etal/cnvkit,unknown,0,0,0,0,{}
github:etetoolkit/ete,ete3,etetoolkit/ete,lead,0,0,0,0,{}
github:evanyeyeye/rainbow,rainbow-api,evanyeyeye/rainbow,lead,0,0,0,0,{}
github:evo-design/evo,evo-design/evo,evo-design/evo,located,1,1,0,0,"{""Jupyter"": 1}"
github:eyurtsev/fcsparser,fcsparser,eyurtsev/fcsparser,located,12,1,11,0,"{""Jupyter"": 12}"
github:facebookresearch/esm,facebookresearch/esm,facebookresearch/esm,located,8,8,0,0,"{""Jupyter"": 8}"
github:facebookresearch/fastmri,facebookresearch/fastMRI,facebookresearch/fastMRI,located,2,2,0,0,"{""Jupyter"": 2}"
github:fahadshamshad/awesome-transformers-in-medical-imaging,fahadshamshad/awesome-transformers-in-medical-imaging,fahadshamshad/awesome-transformers-in-medical-imaging,none_detected,0,0,0,0,{}
github:fastdatascience/drug_named_entity_recognition,drug-named-entity-recognition,fastdatascience/drug_named_entity_recognition,located,2,2,0,0,"{""Jupyter"": 2}"
github:fastdatascience/medical_named_entity_recognition,medical-named-entity-recognition,fastdatascience/medical_named_entity_recognition,none_detected,0,0,0,0,{}
github:fastlmm/bed-reader,bed-reader,fastlmm/bed-reader,located,1,1,0,0,"{""Jupyter"": 1}"
github:fastlmm/pysnptools,pysnptools,fastlmm/PySnpTools,located,4,4,0,0,"{""Jupyter"": 4}"
github:fastobo/fastobo-py,fastobo,fastobo/fastobo-py,located,3,3,0,0,"{""Jupyter"": 3}"
github:federicomarini/goseq,goseq,federicomarini/goseq,located,1,1,0,0,"{""Sweave/knitr"": 1}"
github:federicomarini/topgo,topGO,federicomarini/topGO,located,1,1,0,0,"{""R Markdown"": 1}"
github:felixkrueger/trimgalore,trim-galore,FelixKrueger/TrimGalore,none_detected,0,0,0,0,{}
github:fideus-labs/ngff-zarr,ngff-zarr,fideus-labs/ngff-zarr,located,1,1,0,0,"{""Jupyter"": 1}"
github:fieldtrip/fieldtrip,fieldtrip/fieldtrip,fieldtrip/fieldtrip,lead,0,0,0,0,{}
github:fnndsc/ami,FNNDSC/ami,FNNDSC/ami,none_detected,0,0,0,0,{}
github:fo-dicom/fo-dicom,fo-dicom/fo-dicom,fo-dicom/fo-dicom,none_detected,0,0,0,0,{}
github:fooof-tools/fooof,fooof,fooof-tools/fooof,located,2,0,2,0,"{""Jupyter"": 2}"
github:forlilab/meeko,meeko,forlilab/Meeko,unknown,0,0,0,0,{}
github:frederickhuanglin/ancombc,ANCOMBC,FrederickHuangLin/ANCOMBC,located,6,6,0,0,"{""R Markdown"": 6}"
github:freebayes/freebayes,FreeBayes,freebayes/freebayes,none_detected,0,0,0,0,{}
github:freedomintelligence/awesome-ai4med,FreedomIntelligence/Awesome-AI4Med,FreedomIntelligence/Awesome-AI4Med,none_detected,0,0,0,0,{}
github:freesurfer/freesurfer,freesurfer/freesurfer,freesurfer/freesurfer,located,2,2,0,0,"{""Jupyter"": 2}"
github:fritzsedlazeck/sniffles,fritzsedlazeck/Sniffles,fritzsedlazeck/Sniffles,none_detected,0,0,0,0,{}
github:fudan-generative-vision/dynamicpdb,fudan-generative-vision/dynamicPDB,fudan-generative-vision/dynamicPDB,none_detected,0,0,0,0,{}
github:fulcrumgenomics/fgbio,fgbio,fulcrumgenomics/fgbio,none_detected,0,0,0,0,{}
github:ga4gh/vrs-python,ga4gh/vrs-python,ga4gh/vrs-python,located,6,6,0,0,"{""Jupyter"": 6}"
github:gaius-augustus/augustus,augustus,Gaius-Augustus/Augustus,none_detected,0,0,0,0,{}
github:galaxyproject/bioblend,bioblend,galaxyproject/bioblend,unknown,0,0,0,0,{}
github:galaxyproject/galaxy,galaxyproject/galaxy,galaxyproject/galaxy,located,5,5,0,0,"{""Jupyter"": 5}"
github:galaxyproject/galaxy-lib,galaxy-lib,galaxyproject/galaxy-lib,none_detected,0,0,0,0,{}
github:gbif/pygbif,pygbif,gbif/pygbif,located,1,1,0,0,"{""Jupyter"": 1}"
github:gcorso/diffdock,gcorso/DiffDock,gcorso/DiffDock,none_detected,0,0,0,0,{}
github:ge11232002/cner,CNEr,ge11232002/CNEr,located,3,3,0,0,"{""R Markdown"": 2, ""Sweave/knitr"": 1}"
github:ge11232002/tfbstools,TFBSTools,ge11232002/TFBSTools,located,2,2,0,0,"{""R Markdown"": 1, ""Sweave/knitr"": 1}"
github:genenotebook/genenotebook,genenotebook,genenotebook/genenotebook,lead,0,0,0,0,{}
github:generatebio/chroma,generatebio/chroma,generatebio/chroma,located,4,4,0,0,"{""Jupyter"": 4}"
github:genometools/genometools,GenomeTools,genometools/genometools,lead,0,0,0,0,{}
github:genomoncology/biomcp,biomcp-python,genomoncology/biomcp,lead,0,0,0,0,{}
github:ggloor/aldex_bioc,ALDEx2,ggloor/ALDEx_bioc,located,3,3,0,0,"{""R Markdown"": 3}"
github:girke-lab/chemminer,ChemmineR,girke-lab/ChemmineR,located,1,1,0,0,"{""R Markdown"": 1}"
github:gmod/jbrowse-components,jbrowse2,GMOD/jbrowse-components,lead,0,0,0,0,{}
github:gnina/gnina,gnina/gnina,gnina/gnina,located,3,3,0,0,"{""Jupyter"": 3}"
github:gogepp/genoboo,genoboo,gogepp/genoboo,none_detected,0,0,0,0,{}
github:gokceneraslan/awesome-deepbio,gokceneraslan/awesome-deepbio,gokceneraslan/awesome-deepbio,none_detected,0,0,0,0,{}
github:google-deepmind/alphafold,google-deepmind/alphafold,google-deepmind/alphafold,located,1,1,0,0,"{""Jupyter"": 1}"
github:google-deepmind/alphafold3,google-deepmind/alphafold3,google-deepmind/alphafold3,lead,0,0,0,0,{}
github:google-deepmind/alphagenome,alphagenome,google-deepmind/alphagenome,located,11,10,1,0,"{""Jupyter"": 11}"
github:google/deepvariant,google/deepvariant,google/deepvariant,located,1,1,0,0,"{""Jupyter"": 1}"
github:google/nucleus,google/nucleus,google/nucleus,located,1,1,0,0,"{""Jupyter"": 1}"
github:gpertea/stringtie,StringTie,gpertea/stringtie,none_detected,0,0,0,0,{}
github:gptomics/bioskills,GPTomics/bioSkills,GPTomics/bioSkills,located,3,3,0,0,"{""Quarto"": 2, ""R Markdown"": 1}"
github:graylab/dl4proteins-notebooks,Graylab/DL4Proteins-notebooks,Graylab/DL4Proteins-notebooks,located,18,18,0,0,"{""Jupyter"": 18}"
github:greenelab/deep-review,greenelab/deep-review,greenelab/deep-review,located,1,1,0,0,"{""Jupyter"": 1}"
github:gregoryfaust/samblaster,samblaster,GregoryFaust/samblaster,none_detected,0,0,0,0,{}
github:gromacs/gromacs,gromacs/gromacs,gromacs/gromacs,located,1,1,0,0,"{""Jupyter"": 1}"
github:guma44/geoparse,geoparse,guma44/GEOparse,located,1,1,0,0,"{""Jupyter"": 1}"
github:haddocking/pdb-tools,pdb-tools,haddocking/pdb-tools,none_detected,0,0,0,0,{}
github:hail-is/hail,hail,hail-is/hail,located,18,18,0,0,"{""Jupyter"": 18}"
github:hannesstark/boltzgen,HannesStark/boltzgen,HannesStark/boltzgen,located,1,1,0,0,"{""Jupyter"": 1}"
github:hansenlab/bsseq,bsseq,hansenlab/bsseq,located,3,3,0,0,"{""R Markdown"": 3}"
github:hansenlab/minfi,minfi,hansenlab/minfi,located,1,1,0,0,"{""R Markdown"": 1}"
github:harvardinformatics/learning-bioinformatics-at-home,harvardinformatics/learning-bioinformatics-at-home,harvardinformatics/learning-bioinformatics-at-home,none_detected,0,0,0,0,{}
github:hasindu2008/f5c,f5c,hasindu2008/f5c,lead,0,0,0,0,{}
github:hasindu2008/slow5tools,slow5tools,hasindu2008/slow5tools,none_detected,0,0,0,0,{}
github:hazyresearch/hyena-dna,HazyResearch/hyena-dna,HazyResearch/hyena-dna,none_detected,0,0,0,0,{}
github:hcbravolab/metagenomeseq,metagenomeSeq,HCBravoLab/metagenomeSeq,located,2,2,0,0,"{""Sweave/knitr"": 2}"
github:hcbravolab/wrench,Wrench,HCBravoLab/Wrench,located,1,1,0,0,"{""R Markdown"": 1}"
github:helenalc/muscat,muscat,HelenaLC/muscat,located,4,4,0,0,"{""R Markdown"": 4}"
github:henrikbengtsson/affxparser,affxparser,HenrikBengtsson/affxparser,none_detected,0,0,0,0,{}
github:henrikbengtsson/aroma.light,aroma.light,HenrikBengtsson/aroma.light,none_detected,0,0,0,0,{}
github:henrikbengtsson/illuminaio,illuminaio,HenrikBengtsson/illuminaio,located,2,2,0,0,"{""Sweave/knitr"": 2}"
github:hilab-git/ssl4mis,HiLab-git/SSL4MIS,HiLab-git/SSL4MIS,none_detected,0,0,0,0,{}
github:hredestig/pcamethods,pcaMethods,hredestig/pcaMethods,located,3,3,0,0,"{""Sweave/knitr"": 3}"
github:hsiaoyi0504/awesome-cheminformatics,hsiaoyi0504/awesome-cheminformatics,hsiaoyi0504/awesome-cheminformatics,none_detected,0,0,0,0,{}
github:htseq/htseq,HTSeq,htseq/htseq,unknown,0,0,0,0,{}
github:huber-group-embl/biomart,biomaRt,Huber-group-EMBL/biomaRt,located,2,2,0,0,"{""R Markdown"": 2}"
github:huber-group-embl/lpsymphony,lpsymphony,Huber-group-EMBL/lpsymphony,located,1,1,0,0,"{""Sweave/knitr"": 1}"
github:huber-group-embl/rhdf5,rhdf5,Huber-group-EMBL/rhdf5,located,3,3,0,0,"{""R Markdown"": 3}"
github:huber-group-embl/rhdf5filters,rhdf5filters,Huber-group-EMBL/rhdf5filters,located,1,1,0,0,"{""R Markdown"": 1}"
github:huber-group-embl/rhdf5lib,Rhdf5lib,Huber-group-EMBL/Rhdf5lib,located,1,1,0,0,"{""R Markdown"": 1}"
github:huber-group-embl/vsn,vsn,Huber-group-EMBL/vsn,located,6,6,0,0,"{""Quarto"": 1, ""R Markdown"": 3, ""Sweave/knitr"": 2}"
github:hucaofighting/swin-unet,HuCaoFighting/Swin-Unet,HuCaoFighting/Swin-Unet,none_detected,0,0,0,0,{}
github:hussius/deeplearning-biology,hussius/deeplearning-biology,hussius/deeplearning-biology,none_detected,0,0,0,0,{}
github:hyattpd/prodigal,prodigal,hyattpd/Prodigal,none_detected,0,0,0,0,{}
github:ibm/microscopy,IBM/MicroscoPy,IBM/MicroscoPy,none_detected,0,0,0,0,{}
github:igvteam/igv,igvteam/igv,igvteam/igv,located,9,0,9,0,"{""Jupyter"": 9}"
github:igvteam/igv.js,igvteam/igv.js,igvteam/igv.js,unknown,0,0,0,0,{}
github:illumina/interop,illumina-interop,Illumina/interop,lead,0,0,0,0,{}
github:imprintlab/medical-sam-adapter,ImprintLab/Medical-SAM-Adapter,ImprintLab/Medical-SAM-Adapter,located,4,4,0,0,"{""Jupyter"": 4}"
github:imprintlab/medical-sam2,ImprintLab/Medical-SAM2,ImprintLab/Medical-SAM2,none_detected,0,0,0,0,{}
github:imprintlab/medsegdiff,ImprintLab/MedSegDiff,ImprintLab/MedSegDiff,none_detected,0,0,0,0,{}
github:insightsoftwareconsortium/itk,InsightSoftwareConsortium/ITK,InsightSoftwareConsortium/ITK,lead,0,0,0,0,{}
github:instadeepai/nucleotide-transformer,instadeepai/nucleotide-transformer,instadeepai/nucleotide-transformer,located,16,16,0,0,"{""Jupyter"": 16}"
github:intermine/intermine-ws-python,intermine,intermine/intermine-ws-python,located,37,0,37,0,"{""Jupyter"": 37}"
github:invesalius/invesalius3,invesalius/invesalius3,invesalius/invesalius3,none_detected,0,0,0,0,{}
github:iobis/pyobis,iobis/pyobis,iobis/pyobis,located,7,7,0,0,"{""Jupyter"": 7}"
github:iqtree/iqtree3,IQ-TREE,iqtree/iqtree3,none_detected,0,0,0,0,{}
github:isa-tools/isa-rwval,isa-rwval,ISA-tools/isa-rwval,none_detected,0,0,0,0,{}
github:iskandr/osteosarc,osteosarc,iskandr/osteosarc,none_detected,0,0,0,0,{}
github:ivanek/gviz,Gviz,ivanek/Gviz,located,1,1,0,0,"{""R Markdown"": 1}"
github:ivanek/seqlogo,seqLogo,ivanek/seqLogo,located,1,1,0,0,"{""R Markdown"": 1}"
github:ivmartel/dwv,ivmartel/dwv,ivmartel/dwv,lead,0,0,0,0,{}
github:jackcurragh/rust,rust,JackCurragh/RUST,none_detected,0,0,0,0,{}
github:jackh726/bigtools,pybigtools,jackh726/bigtools,located,1,1,0,0,"{""Jupyter"": 1}"
github:jamescasbon/pyvcf,pyvcf,jamescasbon/PyVCF,none_detected,0,0,0,0,{}
github:jax-md/jax-md,jax-md,jax-md/jax-md,located,19,17,2,0,"{""Jupyter"": 19}"
github:jbkinney/logomaker,logomaker,jbkinney/logomaker,located,15,15,0,0,"{""Jupyter"": 15}"
github:jcruan519/vm-unet,JCruan519/VM-UNet,JCruan519/VM-UNet,none_detected,0,0,0,0,{}
github:jeetsukumaran/dendropy,DendroPy,jeetsukumaran/DendroPy,none_detected,0,0,0,0,{}
github:jeffdaily/parasail-python,parasail-python,jeffdaily/parasail-python,none_detected,0,0,0,0,{}
github:jenojp/negspacy,negspacy,jenojp/negspacy,none_detected,0,0,0,0,{}
github:jensengroup/propka,propka,jensengroup/propka,unknown,0,0,0,0,{}
github:jeremymcrae/bgen,bgen,jeremymcrae/bgen,unknown,0,0,0,0,{}
github:jeremymcrae/liftover,liftover,jeremymcrae/liftover,none_detected,0,0,0,0,{}
github:jeya-maria-jose/medical-transformer,jeya-maria-jose/Medical-Transformer,jeya-maria-jose/Medical-Transformer,none_detected,0,0,0,0,{}
github:jfjlaros/barcode,barcode,jfjlaros/barcode,unknown,0,0,0,0,{}
github:jfnavarro/taggd,taggd,jfnavarro/taggd,none_detected,0,0,0,0,{}
github:jinworks/cellchat,jinworks/CellChat,jinworks/CellChat,located,9,9,0,0,"{""R Markdown"": 9}"
github:jmschrei/bpnet-lite,bpnet-lite,jmschrei/bpnet-lite,located,11,11,0,0,"{""Jupyter"": 11}"
github:jmschrei/ledidi,ledidi,jmschrei/ledidi,located,9,9,0,0,"{""Jupyter"": 9}"
github:jmschrei/memesuite-lite,memelite,jmschrei/memesuite-lite,located,3,3,0,0,"{""Jupyter"": 3}"
github:jmschrei/tangermeme,tangermeme,jmschrei/tangermeme,located,20,20,0,0,"{""Jupyter"": 20}"
github:joachimwolff/vardictjava,vardict-java,joachimwolff/VarDictJava,none_detected,0,0,0,0,{}
github:joey711/biomformat,biomformat,joey711/biomformat,located,1,1,0,0,"{""R Markdown"": 1}"
github:joey711/phyloseq,phyloseq,joey711/phyloseq,located,4,4,0,0,"{""R Markdown"": 4}"
github:johof/lungmask,JoHof/lungmask,JoHof/lungmask,none_detected,0,0,0,0,{}
github:jokergoo/complexheatmap,ComplexHeatmap,jokergoo/ComplexHeatmap,located,2,2,0,0,"{""R Markdown"": 2}"
github:jokergoo/enrichedheatmap,EnrichedHeatmap,jokergoo/EnrichedHeatmap,located,5,5,0,0,"{""R Markdown"": 5}"
github:jokergoo/rgreat,rGREAT,jokergoo/rGREAT,located,11,11,0,0,"{""R Markdown"": 11}"
github:jokergoo/simona,simona,jokergoo/simona,located,11,11,0,0,"{""R Markdown"": 11}"
github:jokergoo/simplifyenrichment,simplifyEnrichment,jokergoo/simplifyEnrichment,located,5,5,0,0,"{""R Markdown"": 5}"
github:jorainer/ensembldb,ensembldb,jorainer/ensembldb,located,6,6,0,0,"{""R Markdown"": 6}"
github:junma11/miccai-opensourcepapers,JunMa11/MICCAI-OpenSourcePapers,JunMa11/MICCAI-OpenSourcePapers,unknown,0,0,0,0,{}
github:junma11/seglossodyssey,JunMa11/SegLossOdyssey,JunMa11/SegLossOdyssey,none_detected,0,0,0,0,{}
github:junma11/sota-medseg,JunMa11/SOTA-MedSeg,JunMa11/SOTA-MedSeg,none_detected,0,0,0,0,{}
github:jvkersch/tmtools,tmtools,jvkersch/tmtools,none_detected,0,0,0,0,{}
github:jwohlwend/boltz,jwohlwend/boltz,jwohlwend/boltz,unknown,0,0,0,0,{}
github:k-dense-ai/scientific-agent-skills,K-Dense-AI/scientific-agent-skills,K-Dense-AI/scientific-agent-skills,none_detected,0,0,0,0,{}
github:karel-brinda/samsift,samsift,karel-brinda/samsift,none_detected,0,0,0,0,{}
github:kblin/ncbi-genome-download,kblin/ncbi-genome-download,kblin/ncbi-genome-download,none_detected,0,0,0,0,{}
github:keiserlab/e3fp,e3fp,keiserlab/e3fp,unknown,0,0,0,0,{}
github:kensho-technologies/sequence_align,sequence-align,kensho-technologies/sequence_align,none_detected,0,0,0,0,{}
github:kent-tokyo/chematic,chematic,kent-tokyo/chematic,located,1,1,0,0,"{""Jupyter"": 1}"
github:kevinblighe/enhancedvolcano,EnhancedVolcano,kevinblighe/EnhancedVolcano,located,1,1,0,0,"{""R Markdown"": 1}"
github:kevinblighe/pcatools,PCAtools,kevinblighe/PCAtools,located,2,2,0,0,"{""R Markdown"": 2}"
github:kexinhuang12345/deeppurpose,kexinhuang12345/DeepPurpose,kexinhuang12345/DeepPurpose,located,34,34,0,0,"{""Jupyter"": 34}"
github:konstantint/pyliftover,pyliftover,konstantint/pyliftover,none_detected,0,0,0,0,{}
github:krishnaswamylab/scprep,scprep,KrishnaswamyLab/scprep,located,2,2,0,0,"{""Jupyter"": 2}"
github:kstreet13/slingshot,slingshot,kstreet13/slingshot,located,2,2,0,0,"{""R Markdown"": 2}"
github:kyegomez/open-af3,kyegomez/Open-AF3,kyegomez/Open-AF3,none_detected,0,0,0,0,{}
github:labsyspharm/scimap,labsyspharm/scimap,labsyspharm/scimap,located,18,18,0,0,"{""Jupyter"": 18}"
github:laminlabs/bionty,bionty,laminlabs/bionty,lead,0,0,0,0,{}
github:laminlabs/lamindb,lamindb,laminlabs/lamindb,located,11,11,0,0,"{""Jupyter"": 11}"
github:lammps/lammps,lammps,lammps/lammps,located,7,7,0,0,"{""Jupyter"": 6, ""Wolfram notebook"": 1}"
github:lamortenera/bamsignals,bamsignals,lamortenera/bamsignals,located,1,1,0,0,"{""R Markdown"": 1}"
github:latchbio/latch,latch,latchbio/latch,none_detected,0,0,0,0,{}
github:lawremi/ggbio,ggbio,lawremi/ggbio,located,2,2,0,0,"{""Sweave/knitr"": 2}"
github:lbcb-sci/racon,racon,lbcb-sci/racon,none_detected,0,0,0,0,{}
github:lcolladotor/derfinder,derfinder,lcolladotor/derfinder,located,3,3,0,0,"{""R Markdown"": 3}"
github:levitsky/pyteomics,pyteomics,levitsky/pyteomics,located,1,1,0,0,"{""Jupyter"": 1}"
github:lgatto/msnbase,MSnbase,lgatto/MSnbase,located,5,5,0,0,"{""R Markdown"": 5}"
github:lgatto/proloc,pRoloc,lgatto/pRoloc,located,5,5,0,0,"{""R Markdown"": 5}"
github:lh3/bwa,BWA,lh3/bwa,none_detected,0,0,0,0,{}
github:lh3/minimap2,minimap2,lh3/minimap2,none_detected,0,0,0,0,{}
github:lh3/seqtk,seqtk,lh3/seqtk,none_detected,0,0,0,0,{}
github:lh3/trimadap,trimadap,lh3/trimadap,none_detected,0,0,0,0,{}
github:libnano/primer3-py,primer3-py,libnano/primer3-py,unknown,0,0,0,0,{}
github:libscran/rigraphlib,Rigraphlib,libscran/Rigraphlib,located,1,1,0,0,"{""R Markdown"": 1}"
github:libscran/scrapper,scrapper,libscran/scrapper,located,1,1,0,0,"{""R Markdown"": 1}"
github:lieberinstitute/recount3,recount3,LieberInstitute/recount3,located,2,2,0,0,"{""R Markdown"": 2}"
github:liguowang/crossmap,liguowang/CrossMap,liguowang/CrossMap,unknown,0,0,0,0,{}
github:linhandev/dataset,linhandev/dataset,linhandev/dataset,none_detected,0,0,0,0,{}
github:linkml/prefixmaps,prefixmaps,linkml/prefixmaps,none_detected,0,0,0,0,{}
github:linnarsson-lab/loompy,loompy,linnarsson-lab/loompy,located,1,1,0,0,"{""Jupyter"": 1}"
github:lirongwu/awesome-protein-representation-learning,LirongWu/awesome-protein-representation-learning,LirongWu/awesome-protein-representation-learning,none_detected,0,0,0,0,{}
github:lixiang117423/biopytools,lixiang117423/biopytools,lixiang117423/biopytools,unknown,0,0,0,0,{}
github:lmdu/pyfastx,pyfastx,lmdu/pyfastx,unknown,0,0,0,0,{}
github:lpdi-epfl/masif,LPDI-EPFL/masif,LPDI-EPFL/masif,located,3,3,0,0,"{""Jupyter"": 3}"
github:ltla/assorthead,assorthead,LTLA/assorthead,located,1,1,0,0,"{""R Markdown"": 1}"
github:ltla/basilisk,basilisk,LTLA/basilisk,located,1,1,0,0,"{""R Markdown"": 1}"
github:ltla/biocmake,biocmake,LTLA/biocmake,located,1,1,0,0,"{""R Markdown"": 1}"
github:ltla/biocsingular,BiocSingular,LTLA/BiocSingular,located,2,2,0,0,"{""R Markdown"": 2}"
github:ltla/metapod,metapod,LTLA/metapod,located,1,1,0,0,"{""R Markdown"": 1}"
github:ltla/residualmatrix,ResidualMatrix,LTLA/ResidualMatrix,located,1,1,0,0,"{""R Markdown"": 1}"
github:ltla/scaledmatrix,ScaledMatrix,LTLA/ScaledMatrix,located,1,1,0,0,"{""R Markdown"": 1}"
github:ltla/trajectoryutils,TrajectoryUtils,LTLA/TrajectoryUtils,located,1,1,0,0,"{""R Markdown"": 1}"
github:lucasduclos/acoustooptictomography,aot-biomaps,LucasDuclos/AcoustoOpticTomography,unknown,0,0,0,0,{}
github:lucidrains/alphafold3-pytorch,lucidrains/alphafold3-pytorch,lucidrains/alphafold3-pytorch,none_detected,0,0,0,0,{}
github:m3g/packmol,packmol,m3g/packmol,unknown,0,0,0,0,{}
github:maabuu/posebusters,posebusters,maabuu/posebusters,located,3,1,2,0,"{""Jupyter"": 3}"
github:macs3-project/macs,MACS2 / MACS3,macs3-project/MACS,located,4,4,0,0,"{""Jupyter"": 4}"
github:mapping-commons/sssom-py,sssom,mapping-commons/sssom-py,unknown,0,0,0,0,{}
github:marbl/mash,Mash,marbl/Mash,unknown,0,0,0,0,{}
github:marcelm/cutadapt,cutadapt,marcelm/cutadapt,unknown,0,0,0,0,{}
github:marcelm/dnaio,dnaio,marcelm/dnaio,lead,0,0,0,0,{}
github:mareesat/gwa_tutorial,MareesAT/GWA_tutorial,MareesAT/GWA_tutorial,none_detected,0,0,0,0,{}
github:mariewelt/openchem,Mariewelt/OpenChem,Mariewelt/OpenChem,none_detected,0,0,0,0,{}
github:marionilab/milor,miloR,MarioniLab/miloR,located,4,4,0,0,"{""R Markdown"": 4}"
github:marionilab/scran,scran,MarioniLab/scran,located,1,1,0,0,"{""R Markdown"": 1}"
github:marsilea-viz/marsilea,marsilea,Marsilea-viz/marsilea,located,4,0,4,0,"{""Jupyter"": 4}"
github:martinpacesa/bindcraft,martinpacesa/BindCraft,martinpacesa/BindCraft,located,3,3,0,0,"{""Jupyter"": 3}"
github:martinsos/edlib,python-edlib,Martinsos/edlib,none_detected,0,0,0,0,{}
github:matchms/matchms,matchms,matchms/matchms,located,5,0,5,0,"{""Jupyter"": 5}"
github:mateidavid/fast5,fast5,mateidavid/fast5,none_detected,0,0,0,0,{}
github:matteolacki/isospec,isospecpy,MatteoLacki/IsoSpec,located,2,2,0,0,"{""Jupyter"": 2}"
github:mattmacy/vnet.pytorch,mattmacy/vnet.pytorch,mattmacy/vnet.pytorch,none_detected,0,0,0,0,{}
github:maximilianh/cellbrowser,ucsc-cell-browser,maximilianh/cellBrowser,unknown,0,0,0,0,{}
github:mcs07/chemdataextractor,mcs07/ChemDataExtractor,mcs07/ChemDataExtractor,located,1,1,0,0,"{""Jupyter"": 1}"
github:mcs07/pubchempy,pubchempy,mcs07/PubChemPy,located,4,4,0,0,"{""Jupyter"": 4}"
github:mdanalysis/mdanalysis,mdanalysis,MDAnalysis/mdanalysis,located,38,0,38,0,"{""Jupyter"": 38}"
github:mdozmorov/scrna-seq_notes,mdozmorov/scRNA-seq_notes,mdozmorov/scRNA-seq_notes,unknown,0,0,0,0,{}
github:mdshw5/pyfaidx,pyfaidx,mdshw5/pyfaidx,none_detected,0,0,0,0,{}
github:mdtraj/mdtraj,mdtraj,mdtraj/mdtraj,located,15,15,0,0,"{""Jupyter"": 15}"
github:medical-event-data-standard/meds,meds,Medical-Event-Data-Standard/meds,unknown,0,0,0,0,{}
github:medmnist/medmnist,medmnist,MedMNIST/MedMNIST,located,2,2,0,0,"{""Jupyter"": 2}"
github:medspacy/quickumls,medspacy-quickumls,medspacy/QuickUMLS,none_detected,0,0,0,0,{}
github:metapub/metapub,metapub,metapub/metapub,unknown,0,0,0,0,{}
github:mfranberg/libplinkio,plinkio,mfranberg/libplinkio,none_detected,0,0,0,0,{}
github:mic-dkfz/medicaldetectiontoolkit,MIC-DKFZ/medicaldetectiontoolkit,MIC-DKFZ/medicaldetectiontoolkit,none_detected,0,0,0,0,{}
github:mic-dkfz/nnunet,nnunetv2,MIC-DKFZ/nnUNet,none_detected,0,0,0,0,{}
github:microbiome/mia,mia,microbiome/mia,located,1,1,0,0,"{""R Markdown"": 1}"
github:microbiome/microbiome,microbiome,microbiome/microbiome,located,72,3,69,0,"{""R Markdown"": 72}"
github:microsoft/biodiversity,microsoft/Biodiversity,microsoft/Biodiversity,located,9,9,0,0,"{""Jupyter"": 9}"
github:microsoft/bioemu,microsoft/bioemu,microsoft/bioemu,located,1,1,0,0,"{""Jupyter"": 1}"
github:microsoft/biomedparse,microsoft/BiomedParse,microsoft/BiomedParse,located,1,1,0,0,"{""Jupyter"": 1}"
github:microsoft/evodiff,microsoft/evodiff,microsoft/evodiff,located,2,2,0,0,"{""Jupyter"": 2}"
github:microsoft/graphormer,microsoft/Graphormer,microsoft/Graphormer,unknown,0,0,0,0,{}
github:mikolmogorov/flye,flye,mikolmogorov/Flye,none_detected,0,0,0,0,{}
github:mims-harvard/primekg,mims-harvard/PrimeKG,mims-harvard/PrimeKG,located,11,11,0,0,"{""Jupyter"": 10, ""R Markdown"": 1}"
github:mims-harvard/tdc,mims-harvard/TDC,mims-harvard/TDC,located,17,17,0,0,"{""Jupyter"": 17}"
github:mirditalab/colabfold-legacy-kernels,colabfold-legacy-kernels,mirditalab/colabfold-legacy-kernels,none_detected,0,0,0,0,{}
github:mitk/mitk,MITK/MITK,MITK/MITK,located,1,1,0,0,"{""Jupyter"": 1}"
github:mixomics-org/mixomics,mixOmics,mixOmics-org/mixOmics,located,3,3,0,0,"{""R Markdown"": 3}"
github:mlcil/scikit-fingerprints,scikit-fingerprints,MLCIL/scikit-fingerprints,located,10,10,0,0,"{""Jupyter"": 10}"
github:mlmed/torchxrayvision,mlmed/torchxrayvision,mlmed/torchxrayvision,located,24,24,0,0,"{""Jupyter"": 24}"
github:mne-tools/mne-python,mne,mne-tools/mne-python,located,2,2,0,0,"{""Percent-cell notebook"": 2}"
github:modeci/mdf,modeci-mdf,ModECI/MDF,located,5,5,0,0,"{""Jupyter"": 5}"
github:molecularai/aizynthfinder,MolecularAI/aizynthfinder,MolecularAI/aizynthfinder,located,1,1,0,0,"{""Jupyter"": 1}"
github:molecularai/reinvent4,MolecularAI/REINVENT4,MolecularAI/REINVENT4,located,3,3,0,0,"{""Jupytext"": 3}"
github:molecularsets/moses,molecularsets/moses,molecularsets/moses,none_detected,0,0,0,0,{}
github:molpopgen/fwdpy11,fwdpy11,molpopgen/fwdpy11,located,4,4,0,0,"{""Jupytext"": 4}"
github:molpopgen/libsequence,libsequence,molpopgen/libsequence,lead,0,0,0,0,{}
github:molstar/mol-view-spec,molviewspec,molstar/mol-view-spec,located,16,16,0,0,"{""Jupyter"": 16}"
github:momentsld/moments,moments,MomentsLD/moments,unknown,0,0,0,0,{}
github:mordred-descriptor/mordred,mordred,mordred-descriptor/mordred,none_detected,0,0,0,0,{}
github:morgannprice/fasttree,FastTree,morgannprice/fasttree,none_detected,0,0,0,0,{}
github:moshi4/pycirclize,moshi4/pyCirclize,moshi4/pyCirclize,located,8,8,0,0,"{""Jupyter"": 8}"
github:mothur/mothur,mothur,mothur/mothur,located,1,0,1,0,"{""R Markdown"": 1}"
github:mouseland/cellpose,cellpose,MouseLand/cellpose,located,6,6,0,0,"{""Jupyter"": 6}"
github:mrgiovanni/modelsgenesis,MrGiovanni/ModelsGenesis,MrGiovanni/ModelsGenesis,located,1,1,0,0,"{""Jupyter"": 1}"
github:mrgiovanni/unetplusplus,MrGiovanni/UNetPlusPlus,MrGiovanni/UNetPlusPlus,none_detected,0,0,0,0,{}
github:mritchielab/glimmav2,Glimma,mritchielab/GlimmaV2,located,3,3,0,0,"{""R Markdown"": 3}"
github:msdllcpapers/promb,promb,MSDLLCpapers/promb,located,3,3,0,0,"{""Jupyter"": 3}"
github:mtmorgan/dirichletmultinomial,DirichletMultinomial,mtmorgan/DirichletMultinomial,located,1,1,0,0,"{""R Markdown"": 1}"
github:multiqc/multiqc,MultiQC,MultiQC/MultiQC,lead,0,0,0,0,{}
github:nanoporetech/dorado,nanoporetech/dorado,nanoporetech/dorado,lead,0,0,0,0,{}
github:nanoporetech/medaka,medaka,nanoporetech/medaka,none_detected,0,0,0,0,{}
github:nanoporetech/pod5-file-format,lib-pod5,nanoporetech/pod5-file-format,unknown,0,0,0,0,{}
github:napari/napari,napari,napari/napari,located,1,1,0,0,"{""Jupyter"": 1}"
github:napari/napari-plugin-engine,napari-plugin-engine,napari/napari-plugin-engine,none_detected,0,0,0,0,{}
github:napari/napari-plugin-manager,napari-plugin-manager,napari/napari-plugin-manager,none_detected,0,0,0,0,{}
github:natir/yacrd,yacrd,natir/yacrd,none_detected,0,0,0,0,{}
github:naver/biobert-pretrained,naver/biobert-pretrained,naver/biobert-pretrained,none_detected,0,0,0,0,{}
github:navis-org/skeletor,navis-org/skeletor,navis-org/skeletor,located,1,1,0,0,"{""Jupyter"": 1}"
github:ncbi/amr,ncbi-amrfinderplus,ncbi/amr,none_detected,0,0,0,0,{}
github:ncbi/ncbi-cxx-toolkit-public,BLAST+,ncbi/ncbi-cxx-toolkit-public,unknown,0,0,0,0,{}
github:ncbi/ncbi-vdb,ncbi-vdb,ncbi/ncbi-vdb,none_detected,0,0,0,0,{}
github:ncbi/ngs,ncbi-ngs-sdk,ncbi/ngs,none_detected,0,0,0,0,{}
github:ncbi/sra-tools,SRA Toolkit,ncbi/sra-tools,none_detected,0,0,0,0,{}
github:ndexbio/ndex2-client,ndex2,ndexbio/ndex2-client,located,19,0,19,0,"{""Jupyter"": 19}"
github:neherlab/treetime,treetime,neherlab/treetime,located,1,1,0,0,"{""Jupyter"": 1}"
github:nengo/nengo,nengo/nengo,nengo/nengo,located,34,34,0,0,"{""Jupyter"": 34}"
github:neufeld/pandaseq,pandaseq,neufeld/pandaseq,none_detected,0,0,0,0,{}
github:neuralensemble/elephant,elephant,NeuralEnsemble/elephant,located,7,7,0,0,"{""Jupyter"": 7}"
github:neuralensemble/python-neo,neo,NeuralEnsemble/python-neo,located,2,0,2,0,"{""Jupyter"": 2}"
github:neurodatawithoutborders/pynwb,pynwb,NeurodataWithoutBorders/pynwb,located,7,6,1,0,"{""Jupyter"": 7}"
github:neuromatchacademy/course-content,NeuromatchAcademy/course-content,NeuromatchAcademy/course-content,located,346,346,0,0,"{""Jupyter"": 346}"
github:neuropsychology/neurokit,neurokit2,neuropsychology/NeuroKit,located,24,24,0,0,"{""Jupyter"": 19, ""R Markdown"": 5}"
github:neurotechx/moabb,NeuroTechX/moabb,NeuroTechX/moabb,lead,0,0,0,0,{}
github:neurreps/awesome-neural-geometry,neurreps/awesome-neural-geometry,neurreps/awesome-neural-geometry,none_detected,0,0,0,0,{}
github:nextflow-io/nextflow,Nextflow,nextflow-io/nextflow,lead,0,0,0,0,{}
github:nextstrain/augur,augur,nextstrain/augur,lead,0,0,0,0,{}
github:nextstrain/nextclade,nextclade,nextstrain/nextclade,lead,0,0,0,0,{}
github:nf-core/tools,nf-core,nf-core/tools,lead,0,0,0,0,{}
github:nglviewer/ngl,nglviewer/ngl,nglviewer/ngl,none_detected,0,0,0,0,{}
github:nglviewer/nglview,nglview,nglviewer/nglview,located,37,37,0,0,"{""Jupyter"": 37}"
github:niftk/niftynet,NifTK/NiftyNet,NifTK/NiftyNet,located,8,8,0,0,"{""Jupyter"": 8}"
github:nilearn/nilearn,nilearn,nilearn/nilearn,located,3,3,0,0,"{""Percent-cell notebook"": 1, ""marimo"": 2}"
github:nipreps/fmriprep,nipreps/fmriprep,nipreps/fmriprep,located,8,0,8,0,"{""Jupyter"": 8}"
github:nipreps/niworkflows,niworkflows,nipreps/niworkflows,none_detected,0,0,0,0,{}
github:nipy/nibabel,nibabel,nipy/nibabel,located,2,2,0,0,"{""Jupyter"": 2}"
github:nipy/nipype,nipype,nipy/nipype,located,1,0,1,0,"{""Jupyter"": 1}"
github:nipy/nitime,nitime,nipy/nitime,none_detected,0,0,0,0,{}
github:nipy/nitransforms,nitransforms,nipy/nitransforms,located,2,2,0,0,"{""Jupyter"": 2}"
github:nipype/pydra,nipype/pydra,nipype/pydra,located,13,11,2,0,"{""Jupyter"": 11, ""Jupytext"": 2}"
github:nitrain/nitrain,nitrain/nitrain,nitrain/nitrain,none_detected,0,0,0,0,{}
github:nroduit/weasis,nroduit/Weasis,nroduit/Weasis,lead,0,0,0,0,{}
github:nsalomonis/altanalyze,altanalyze,nsalomonis/altanalyze,unknown,0,0,0,0,{}
github:nvidia-bionemo/bionemo-recipes,NVIDIA-BioNeMo/bionemo-recipes,NVIDIA-BioNeMo/bionemo-recipes,located,16,16,0,0,"{""Jupyter"": 16}"
github:nyukat/breast_cancer_classifier,nyukat/breast_cancer_classifier,nyukat/breast_cancer_classifier,located,1,1,0,0,"{""Jupyter"": 1}"
github:ohif/viewers,OHIF/Viewers,OHIF/Viewers,none_detected,0,0,0,0,{}
github:ome/napari-omero,napari-omero,ome/napari-omero,none_detected,0,0,0,0,{}
github:omicsml/awesome-deep-learning-single-cell-papers,OmicsML/awesome-deep-learning-single-cell-papers,OmicsML/awesome-deep-learning-single-cell-papers,none_detected,0,0,0,0,{}
github:omicverse/omicverse,omicverse/omicverse,omicverse/omicverse,located,334,6,328,0,"{""Jupyter"": 334}"
github:oncologylab/fp-tools,fp-tools-bio,oncologylab/fp-tools,lead,0,0,0,0,{}
github:open-science-tools/nd2reader,nd2reader,Open-Science-Tools/nd2reader,lead,0,0,0,0,{}
github:open2c/bioframe,bioframe,open2c/bioframe,located,4,4,0,0,"{""Jupyter"": 4}"
github:open2c/cooler,cooler,open2c/cooler,none_detected,0,0,0,0,{}
github:open2c/cooltools,cooltools,open2c/cooltools,located,19,12,7,0,"{""Jupyter"": 19}"
github:openbabel/openbabel,openbabel-wheel,openbabel/openbabel,unknown,0,0,0,0,{}
github:openbraininstitute/efel,efel,openbraininstitute/eFEL,located,10,10,0,0,"{""Jupyter"": 10}"
github:openbraininstitute/morphio,morphio,openbraininstitute/MorphIO,located,2,2,0,0,"{""Jupyter"": 2}"
github:openchemistry/avogadrolibs,OpenChemistry/avogadrolibs,OpenChemistry/avogadrolibs,none_detected,0,0,0,0,{}
github:opencobra/cobrapy,cobra,opencobra/cobrapy,located,23,23,0,0,"{""Jupyter"": 23}"
github:opengene/fastp,fastp,OpenGene/fastp,none_detected,0,0,0,0,{}
github:openmm/openmm,openmm/openmm,openmm/openmm,lead,0,0,0,0,{}
github:openmm/openmmforcefields,openmm/openmmforcefields,openmm/openmmforcefields,located,1,1,0,0,"{""Jupyter"": 1}"
github:openms/openms,pyopenms,OpenMS/OpenMS,lead,0,0,0,0,{}
github:openneuro-py/openneuro-py,openneuro-py,openneuro-py/openneuro-py,none_detected,0,0,0,0,{}
github:opensim-org/opensim-core,opensim-org/opensim-core,opensim-org/opensim-core,located,8,8,0,0,"{""Jupyter"": 8}"
github:openslide/openslide-python,openslide-python,openslide/openslide-python,none_detected,0,0,0,0,{}
github:opentrons/opentrons,opentrons,Opentrons/opentrons,lead,0,0,0,0,{}
github:openvax/datacache,datacache,openvax/datacache,none_detected,0,0,0,0,{}
github:openvax/gtfparse,gtfparse,openvax/gtfparse,none_detected,0,0,0,0,{}
github:openvax/isovar,isovar,openvax/isovar,located,3,3,0,0,"{""Jupyter"": 3}"
github:openvax/mhcflurry,mhcflurry,openvax/mhcflurry,located,2,2,0,0,"{""Jupyter"": 2}"
github:openvax/mhctools,mhctools,openvax/mhctools,lead,0,0,0,0,{}
github:openvax/pyensembl,pyensembl,openvax/pyensembl,none_detected,0,0,0,0,{}
github:openvax/topiary,topiary,openvax/topiary,none_detected,0,0,0,0,{}
github:openvax/varcode,varcode,openvax/varcode,located,1,1,0,0,"{""Jupyter"": 1}"
github:openvax/vaxrank,vaxrank,openvax/vaxrank,none_detected,0,0,0,0,{}
github:openwdl/wdl,openwdl/wdl,openwdl/wdl,none_detected,0,0,0,0,{}
github:openworm/openworm,openworm/OpenWorm,openworm/OpenWorm,none_detected,0,0,0,0,{}
github:oschwengers/bakta,oschwengers/bakta,oschwengers/bakta,unknown,0,0,0,0,{}
github:ossu/bioinformatics,ossu/bioinformatics,ossu/bioinformatics,none_detected,0,0,0,0,{}
github:oxpig/anarci,anarci,oxpig/ANARCI,none_detected,0,0,0,0,{}
github:ozan-oktay/attention-gated-networks,ozan-oktay/Attention-Gated-Networks,ozan-oktay/Attention-Gated-Networks,none_detected,0,0,0,0,{}
github:pachterlab/kallisto,kallisto,pachterlab/kallisto,located,14,1,13,0,"{""Jupyter"": 14}"
github:parmed/parmed,parmed,ParmEd/ParmEd,none_detected,0,0,0,0,{}
github:patwalters/practical_cheminformatics_tutorials,PatWalters/practical_cheminformatics_tutorials,PatWalters/practical_cheminformatics_tutorials,located,48,48,0,0,"{""Jupyter"": 48}"
github:pcingola/snpeff,SnpEff,pcingola/SnpEff,lead,0,0,0,0,{}
github:pcingola/snpsift,snpsift,pcingola/SnpSift,none_detected,0,0,0,0,{}
github:pdb-redo/libcifpp,libcifpp,PDB-REDO/libcifpp,none_detected,0,0,0,0,{}
github:pdbeurope/ccdutils,pdbeccdutils,PDBeurope/ccdutils,none_detected,0,0,0,0,{}
github:pdimens/harpy,harpy,pdimens/harpy,located,13,13,0,0,"{""Jupyter"": 13}"
github:peldom/papers_for_protein_design_using_dl,Peldom/papers_for_protein_design_using_DL,Peldom/papers_for_protein_design_using_DL,unknown,0,0,0,0,{}
github:pepkit/pephubclient,pephubclient,pepkit/pephubclient,none_detected,0,0,0,0,{}
github:perone/medicaltorch,perone/medicaltorch,perone/medicaltorch,located,1,1,0,0,"{""Jupyter"": 1}"
github:petehaitch/delayedmatrixstats,DelayedMatrixStats,PeteHaitch/DelayedMatrixStats,located,2,2,0,0,"{""R Markdown"": 2}"
github:peterjc/thapbi-pict,thapbi-pict,peterjc/thapbi-pict,lead,0,0,0,0,{}
github:pezmaster31/bamtools,BamTools,pezmaster31/bamtools,none_detected,0,0,0,0,{}
github:pharmai/plip,pharmai/plip,pharmai/plip,none_detected,0,0,0,0,{}
github:philres/ngmlr,ngmlr,philres/ngmlr,none_detected,0,0,0,0,{}
github:pinellolab/crisprme,crisprme,pinellolab/CRISPRme,none_detected,0,0,0,0,{}
github:pirl-unc/hitlist,hitlist,pirl-unc/hitlist,none_detected,0,0,0,0,{}
github:pirl-unc/mhcgnomes,mhcgnomes,pirl-unc/mhcgnomes,located,2,2,0,0,"{""Jupyter"": 2}"
github:plger/scdblfinder,scDblFinder,plger/scDblFinder,located,6,6,0,0,"{""R Markdown"": 6}"
github:poisonalien/maftools,maftools,PoisonAlien/maftools,located,4,4,0,0,"{""R Markdown"": 4}"
github:powellgenomicslab/nebulosa,Nebulosa,powellgenomicslab/Nebulosa,located,2,2,0,0,"{""R Markdown"": 2}"
github:prefixcommons/prefixcommons-py,prefixcommons,prefixcommons/prefixcommons-py,none_detected,0,0,0,0,{}
github:prihoda/abnumber,abnumber,prihoda/AbNumber,located,1,1,0,0,"{""Jupyter"": 1}"
github:primer3-org/primer3,primer3,primer3-org/primer3,none_detected,0,0,0,0,{}
github:prody/prody,prody,prody/ProDy,lead,0,0,0,0,{}
github:project-gemmi/gemmi,gemmi,project-gemmi/gemmi,none_detected,0,0,0,0,{}
github:project-monai/generativemodels,Project-MONAI/GenerativeModels,Project-MONAI/GenerativeModels,located,29,28,1,0,"{""Jupyter"": 28, ""Percent-cell notebook"": 1}"
github:project-monai/monailabel,Project-MONAI/MONAILabel,Project-MONAI/MONAILabel,located,10,0,10,0,"{""Jupyter"": 10}"
github:prophyle/prophyle,prophyle,prophyle/prophyle,lead,0,0,0,0,{}
github:psychopy/psychopy,psychopy/psychopy,psychopy/psychopy,lead,0,0,0,0,{}
github:pydna-group/pydna,pydna,pydna-group/pydna,located,21,21,0,0,"{""Jupyter"": 21}"
github:pymmcore-plus/useq-schema,useq-schema,pymmcore-plus/useq-schema,lead,0,0,0,0,{}
github:pymzml/pymzml,pymzml,pymzml/pymzML,none_detected,0,0,0,0,{}
github:pyranges/ncls,ncls,pyranges/ncls,none_detected,0,0,0,0,{}
github:pyranges/pyranges0,pyranges,pyranges/pyranges0,located,35,35,0,0,"{""R Markdown"": 35}"
github:pyranges/sorted_nearest,sorted_nearest,pyranges/sorted_nearest,none_detected,0,0,0,0,{}
github:pysam-developers/pysam,pysam,pysam-developers/pysam,none_detected,0,0,0,0,{}
github:quantumjot/btrack,btrack,quantumjot/btrack,located,1,1,0,0,"{""Jupyter"": 1}"
github:quinlan-lab/applied-computational-genomics,quinlan-lab/applied-computational-genomics,quinlan-lab/applied-computational-genomics,none_detected,0,0,0,0,{}
github:qupath/qupath,qupath/qupath,qupath/qupath,unknown,0,0,0,0,{}
github:rafalab/affy,affy,rafalab/affy,located,4,4,0,0,"{""Sweave/knitr"": 4}"
github:rafalab/bumphunter,bumphunter,rafalab/bumphunter,located,1,1,0,0,"{""Sweave/knitr"": 1}"
github:rcastelo/gsva,GSVA,rcastelo/GSVA,located,5,5,0,0,"{""R Markdown"": 5}"
github:rcavalcante/annotatr,annotatr,rcavalcante/annotatr,located,1,1,0,0,"{""R Markdown"": 1}"
github:rcedgar/muscle,MUSCLE,rcedgar/muscle,none_detected,0,0,0,0,{}
github:rcsb/py-rcsb-api,rcsb-api,rcsb/py-rcsb-api,located,8,8,0,0,"{""Jupyter"": 8}"
github:rdkit/rdkit,rdkit,rdkit/rdkit,located,18,18,0,0,"{""Jupyter"": 18}"
github:refgenie/refgenie,refgenie,refgenie/refgenie,located,4,4,0,0,"{""Jupyter"": 4}"
github:rformassspectrometry/metabocoreutils,MetaboCoreUtils,rformassspectrometry/MetaboCoreUtils,located,1,1,0,0,"{""R Markdown"": 1}"
github:rformassspectrometry/mscoreutils,MsCoreUtils,rformassspectrometry/MsCoreUtils,located,1,1,0,0,"{""R Markdown"": 1}"
github:rformassspectrometry/msexperiment,MsExperiment,rformassspectrometry/MsExperiment,located,1,1,0,0,"{""R Markdown"": 1}"
github:rformassspectrometry/msfeatures,MsFeatures,rformassspectrometry/MsFeatures,located,1,1,0,0,"{""R Markdown"": 1}"
github:rformassspectrometry/protgenerics,ProtGenerics,rformassspectrometry/ProtGenerics,located,1,1,0,0,"{""R Markdown"": 1}"
github:rformassspectrometry/psmatch,PSMatch,rformassspectrometry/PSMatch,located,3,3,0,0,"{""R Markdown"": 3}"
github:rformassspectrometry/qfeatures,QFeatures,rformassspectrometry/QFeatures,located,6,6,0,0,"{""R Markdown"": 6}"
github:rformassspectrometry/spectra,Spectra,rformassspectrometry/Spectra,located,3,3,0,0,"{""R Markdown"": 3}"
github:rglab/cytoml,CytoML,RGLab/CytoML,located,4,4,0,0,"{""R Markdown"": 4}"
github:rglab/flowstats,flowStats,RGLab/flowStats,located,1,1,0,0,"{""Sweave/knitr"": 1}"
github:rglab/ggcyto,ggcyto,RGLab/ggcyto,located,9,9,0,0,"{""R Markdown"": 9}"
github:rglab/mast,MAST,RGLab/MAST,located,4,4,0,0,"{""R Markdown"": 3, ""Sweave/knitr"": 1}"
github:richard-peng-xia/awesome-multimodal-in-medical-imaging,richard-peng-xia/awesome-multimodal-in-medical-imaging,richard-peng-xia/awesome-multimodal-in-medical-imaging,none_detected,0,0,0,0,{}
github:rmaphoh/retfound,rmaphoh/RETFound,rmaphoh/RETFound,located,2,2,0,0,"{""Jupyter"": 2}"
github:rnabioco/escapepod-rs,escapepod,rnabioco/escapepod-rs,none_detected,0,0,0,0,{}
github:rordenlab/dcm2niix,rordenlab/dcm2niix,rordenlab/dcm2niix,unknown,0,0,0,0,{}
github:rosettacommons/atomworks,atomworks,RosettaCommons/atomworks,located,3,1,2,0,"{""Jupyter"": 3}"
github:rpomponio/neuroharmonize,neuroharmonize,rpomponio/neuroHarmonize,none_detected,0,0,0,0,{}
github:rrwick/bandage,rrwick/Bandage,rrwick/Bandage,none_detected,0,0,0,0,{}
github:rrwick/unicycler,unicycler,rrwick/Unicycler,none_detected,0,0,0,0,{}
github:rust-bio/rust-bio,rust-bio/rust-bio,rust-bio/rust-bio,none_detected,0,0,0,0,{}
github:rust-bio/rust-bio-tools,rust-bio-tools,rust-bio/rust-bio-tools,none_detected,0,0,0,0,{}
github:ryanwangzf/medclip,RyanWangZf/MedCLIP,RyanWangZf/MedCLIP,located,2,2,0,0,"{""Jupyter"": 2}"
github:s-andrews/fastqc,FastQC,s-andrews/FastQC,none_detected,0,0,0,0,{}
github:saezlab/decoupler,decoupleR,saezlab/decoupleR,located,6,6,0,0,"{""R Markdown"": 6}"
github:saezlab/omnipath,omnipath,saezlab/omnipath,unknown,0,0,0,0,{}
github:saezlab/omnipathr,OmnipathR,saezlab/OmnipathR,located,9,9,0,0,"{""R Markdown"": 9}"
github:saezlab/progeny,progeny,saezlab/progeny,located,1,1,0,0,"{""R Markdown"": 1}"
github:sage-bionetworks/synapsepythonclient,synapseclient,Sage-Bionetworks/synapsePythonClient,lead,0,0,0,0,{}
github:saigegit/saige,r-saige,saigegit/SAIGE,lead,0,0,0,0,{}
github:sales-lab/graphite,graphite,sales-lab/graphite,located,2,2,0,0,"{""R Markdown"": 1, ""Sweave/knitr"": 1}"
github:salesforce/progen,salesforce/progen,salesforce/progen,none_detected,0,0,0,0,{}
github:samtools/bcftools,BCFtools,samtools/bcftools,none_detected,0,0,0,0,{}
github:samtools/htslib,HTSlib,samtools/htslib,lead,0,0,0,0,{}
github:samtools/samtools,SAMtools,samtools/samtools,none_detected,0,0,0,0,{}
github:satijalab/seurat,satijalab/seurat,satijalab/seurat,located,69,69,0,0,"{""R Markdown"": 69}"
github:sbg/sevenbridges-python,sevenbridges-python,sbg/sevenbridges-python,unknown,0,0,0,0,{}
github:scalableminds/webknossos-libs,webknossos,scalableminds/webknossos-libs,unknown,0,0,0,0,{}
github:schrodinger/pymol-open-source,pymol-open-source,schrodinger/pymol-open-source,unknown,0,0,0,0,{}
github:scikit-bio/scikit-bio,scikit-bio,scikit-bio/scikit-bio,lead,0,0,0,0,{}
github:scipipe/scipipe,scipipe/scipipe,scipipe/scipipe,none_detected,0,0,0,0,{}
github:scorpiolea/aice,ScorpioLea/AiCE,ScorpioLea/AiCE,located,11,11,0,0,"{""Jupyter"": 11}"
github:scverse/anndata,anndata,scverse/anndata,located,9,7,2,0,"{""Jupyter"": 9}"
github:scverse/anndatar,anndataR,scverse/anndataR,located,6,6,0,0,"{""R Markdown"": 6}"
github:scverse/decoupler,decoupler,scverse/decoupler,located,9,0,9,0,"{""Jupyter"": 9}"
github:scverse/gget,gget,scverse/gget,none_detected,0,0,0,0,{}
github:scverse/liana,liana,scverse/liana,located,15,0,15,0,"{""Jupyter"": 15}"
github:scverse/mudata,mudata,scverse/mudata,located,6,4,2,0,"{""Jupyter"": 6}"
github:scverse/muon,muon,scverse/muon,located,14,1,13,0,"{""Jupyter"": 14}"
github:scverse/pydeseq2,scverse/PyDESeq2,scverse/PyDESeq2,located,3,0,3,0,"{""Jupyter"": 3}"
github:scverse/scanpy,scanpy,scverse/scanpy,located,12,11,1,0,"{""Jupyter"": 12}"
github:scverse/scvi-tools,scvi-tools,scverse/scvi-tools,located,65,0,65,0,"{""Jupyter"": 65}"
github:scverse/squidpy,squidpy,scverse/squidpy,located,50,0,50,0,"{""Jupyter"": 50}"
github:seandavi/awesome-single-cell,seandavi/awesome-single-cell,seandavi/awesome-single-cell,unknown,0,0,0,0,{}
github:seandavi/geoquery,GEOquery,seandavi/GEOquery,located,6,6,0,0,"{""Quarto"": 6}"
github:seandavi/methylumi,methylumi,seandavi/methylumi,located,2,2,0,0,"{""Quarto"": 2}"
github:sebriois/biomart,biomart,sebriois/biomart,none_detected,0,0,0,0,{}
github:seguid/seguid-python,seguid,seguid/seguid-python,located,7,0,7,0,"{""Quarto"": 7}"
github:seq-lang/seq,seq-lang/seq,seq-lang/seq,none_detected,0,0,0,0,{}
github:seung-lab/cloud-volume,cloud-volume,seung-lab/cloud-volume,none_detected,0,0,0,0,{}
github:seung-lab/connected-components-3d,connected-components-3d,seung-lab/connected-components-3d,unknown,0,0,0,0,{}
github:sfikas/medical-imaging-datasets,sfikas/medical-imaging-datasets,sfikas/medical-imaging-datasets,none_detected,0,0,0,0,{}
github:shenwei356/awesome,shenwei356/awesome,shenwei356/awesome,none_detected,0,0,0,0,{}
github:shenwei356/seqkit,SeqKit,shenwei356/seqkit,lead,0,0,0,0,{}
github:sib-swiss/training-collection,sib-swiss/training-collection,sib-swiss/training-collection,unknown,0,0,0,0,{}
github:single-cell-data/tiledb-soma,tiledbsoma,single-cell-data/TileDB-SOMA,located,5,5,0,0,"{""R Markdown"": 5}"
github:singler-inc/singler,SingleR,SingleR-inc/SingleR,located,1,1,0,0,"{""R Markdown"": 1}"
github:sjczheng/epidish,EpiDISH,sjczheng/EpiDISH,located,1,1,0,0,"{""R Markdown"": 1}"
github:skyeav/tablassert,tablassert,SkyeAv/Tablassert,lead,0,0,0,0,{}
github:slicer/slicer,Slicer/Slicer,Slicer/Slicer,unknown,0,0,0,0,{}
github:slowkow/harmonypy,harmonypy,slowkow/harmonypy,none_detected,0,0,0,0,{}
github:smart-on-fhir/client-py,fhirclient,smart-on-fhir/client-py,lead,0,0,0,0,{}
github:smgogarten/gwastools,GWASTools,smgogarten/GWASTools,located,3,3,0,0,"{""R Markdown"": 1, ""Sweave/knitr"": 2}"
github:smirarab/pasta,pasta,smirarab/pasta,none_detected,0,0,0,0,{}
github:smirarab/sepp,SEPP,smirarab/sepp,none_detected,0,0,0,0,{}
github:snakemake/snakemake,Snakemake,snakemake/snakemake,located,7,7,0,0,"{""Jupyter"": 5, ""R Markdown"": 2}"
github:snakemake/snakemake-interface-common,snakemake-interface-common,snakemake/snakemake-interface-common,none_detected,0,0,0,0,{}
github:snakemake/snakemake-interface-executor-plugins,snakemake-interface-executor-plugins,snakemake/snakemake-interface-executor-plugins,none_detected,0,0,0,0,{}
github:snakemake/snakemake-interface-logger-plugins,snakemake-interface-logger-plugins,snakemake/snakemake-interface-logger-plugins,none_detected,0,0,0,0,{}
github:snakemake/snakemake-interface-report-plugins,snakemake-interface-report-plugins,snakemake/snakemake-interface-report-plugins,none_detected,0,0,0,0,{}
github:snakemake/snakemake-interface-scheduler-plugins,snakemake-interface-scheduler-plugins,snakemake/snakemake-interface-scheduler-plugins,none_detected,0,0,0,0,{}
github:snakemake/snakemake-interface-storage-plugins,snakemake-interface-storage-plugins,snakemake/snakemake-interface-storage-plugins,none_detected,0,0,0,0,{}
github:snap-stanford/biomni,snap-stanford/Biomni,snap-stanford/Biomni,located,4,4,0,0,"{""Jupyter"": 4}"
github:sneumann/mzr,mzR,sneumann/mzR,located,1,1,0,0,"{""R Markdown"": 1}"
github:sneumann/rdisop,Rdisop,sneumann/Rdisop,located,2,2,0,0,"{""R Markdown"": 2}"
github:sneumann/xcms,xcms,sneumann/xcms,located,7,4,3,0,"{""R Markdown"": 7}"
github:soedinglab/hh-suite,hhsuite,soedinglab/hh-suite,none_detected,0,0,0,0,{}
github:soedinglab/mmseqs2,MMseqs2,soedinglab/MMseqs2,located,2,2,0,0,"{""Jupyter"": 2}"
github:soft-matter/trackpy,trackpy,soft-matter/trackpy,located,1,1,0,0,"{""Jupyter"": 1}"
github:sokrypton/colabdesign,sokrypton/ColabDesign,sokrypton/ColabDesign,located,28,28,0,0,"{""Jupyter"": 28}"
github:sokrypton/colabfold,sokrypton/ColabFold,sokrypton/ColabFold,located,27,27,0,0,"{""Jupyter"": 27}"
github:somalogic/canopy,somadata,SomaLogic/Canopy,located,1,1,0,0,"{""Jupyter"": 1}"
github:songlab-cal/tape,songlab-cal/tape,songlab-cal/tape,none_detected,0,0,0,0,{}
github:sortmerna/sortmerna,SortMeRNA,sortmerna/sortmerna,none_detected,0,0,0,0,{}
github:sourmash-bio/sourmash,sourmash,sourmash-bio/sourmash,located,6,6,0,0,"{""Jupyter"": 5, ""R Markdown"": 1}"
github:souvikmajumder26/multi-agent-medical-assistant,souvikmajumder26/Multi-Agent-Medical-Assistant,souvikmajumder26/Multi-Agent-Medical-Assistant,none_detected,0,0,0,0,{}
github:spacetx/starfish,starfish,spacetx/starfish,located,11,9,2,0,"{""Jupyter"": 11}"
github:spikeinterface/spikeinterface,SpikeInterface/spikeinterface,SpikeInterface/spikeinterface,located,12,0,12,0,"{""Jupyter"": 12}"
github:sqjin/cellchat,sqjin/CellChat,sqjin/CellChat,located,6,6,0,0,"{""R Markdown"": 6}"
github:ssandrews/smoldyn,smoldyn,ssandrews/Smoldyn,located,23,23,0,0,"{""Wolfram notebook"": 23}"
github:stamatak/standard-raxml,RAxML,stamatak/standard-RAxML,none_detected,0,0,0,0,{}
github:star-fusion/star-fusion,star-fusion,STAR-Fusion/STAR-Fusion,none_detected,0,0,0,0,{}
github:statomics/tradeseq,tradeSeq,statOmics/tradeSeq,located,5,5,0,0,"{""R Markdown"": 5}"
github:steineggerlab/foldseek,foldseek,steineggerlab/foldseek,located,2,2,0,0,"{""Jupyter"": 2}"
github:stephenturner/oneliners,stephenturner/oneliners,stephenturner/oneliners,none_detected,0,0,0,0,{}
github:storeylab/qvalue,qvalue,StoreyLab/qvalue,located,1,1,0,0,"{""Sweave/knitr"": 1}"
github:stuart-lab/signac,r-signac,stuart-lab/signac,located,19,19,0,0,"{""R Markdown"": 19}"
github:suyashkumar/dicom,suyashkumar/dicom,suyashkumar/dicom,none_detected,0,0,0,0,{}
github:swansonk14/admet_ai,admet-ai,swansonk14/admet_ai,none_detected,0,0,0,0,{}
github:swharden/pyabf,pyabf,swharden/pyABF,located,9,9,0,0,"{""Jupyter"": 9}"
github:swolock/scrublet,scrublet,swolock/scrublet,located,6,6,0,0,"{""Jupyter"": 6}"
github:tanghaibao/goatools,goatools,tanghaibao/goatools,located,24,24,0,0,"{""Jupyter"": 24}"
github:tanghaibao/jcvi,jcvi,tanghaibao/jcvi,none_detected,0,0,0,0,{}
github:taokz/biomedgpt,taokz/BiomedGPT,taokz/BiomedGPT,none_detected,0,0,0,0,{}
github:tatami-inc/beachmat,beachmat,tatami-inc/beachmat,located,1,1,0,0,"{""R Markdown"": 1}"
github:teichlab/celltypist,celltypist,Teichlab/celltypist,located,3,3,0,0,"{""Jupyter"": 3}"
github:templateflow/python-client,templateflow,templateflow/python-client,located,3,0,3,0,"{""Jupyter"": 3}"
github:tgirke/systempiper,systemPipeR,tgirke/systemPipeR,located,6,6,0,0,"{""R Markdown"": 6}"
github:thackl/gggenomes,thackl/gggenomes,thackl/gggenomes,located,5,5,0,0,"{""Quarto"": 3, ""R Markdown"": 2}"
github:theislab/destiny,destiny,theislab/destiny,located,6,6,0,0,"{""R Markdown"": 6}"
github:theislab/scib,theislab/scib,theislab/scib,unknown,0,0,0,0,{}
github:theislab/scvelo,theislab/scvelo,theislab/scvelo,located,14,0,14,0,"{""Jupyter"": 14}"
github:theislab/single-cell-best-practices,theislab/single-cell-best-practices,theislab/single-cell-best-practices,located,62,62,0,0,"{""Jupyter"": 62}"
github:theislab/single-cell-tutorial,theislab/single-cell-tutorial,theislab/single-cell-tutorial,located,8,8,0,0,"{""Jupyter"": 8}"
github:theislab/zellkonverter,zellkonverter,theislab/zellkonverter,located,1,1,0,0,"{""R Markdown"": 1}"
github:thelovelab/deseq2,DESeq2,thelovelab/DESeq2,located,3,3,0,0,"{""R Markdown"": 2, ""Wolfram notebook"": 1}"
github:thelovelab/tximeta,tximeta,thelovelab/tximeta,located,1,1,0,0,"{""R Markdown"": 1}"
github:thelovelab/tximport,tximport,thelovelab/tximport,located,1,1,0,0,"{""R Markdown"": 1}"
github:thetahealth/mirobody,thetahealth/mirobody,thetahealth/mirobody,lead,0,0,0,0,{}
github:tidyomics/plyranges,plyranges,tidyomics/plyranges,located,2,2,0,0,"{""R Markdown"": 2}"
github:timolassmann/kalign,kalign2,TimoLassmann/kalign,none_detected,0,0,0,0,{}
github:tlambert03/ome-types,ome-types,tlambert03/ome-types,none_detected,0,0,0,0,{}
github:tobetz/legomicroscope,tobetz/LegoMicroscope,tobetz/LegoMicroscope,none_detected,0,0,0,0,{}
github:torchio-project/torchio,TorchIO-project/torchio,TorchIO-project/torchio,unknown,0,0,0,0,{}
github:torchmd/torchmd,torchmd/torchmd,torchmd/torchmd,located,1,1,0,0,"{""Jupyter"": 1}"
github:torognes/vsearch,VSEARCH,torognes/vsearch,none_detected,0,0,0,0,{}
github:transdecoder/transdecoder,transdecoder,TransDecoder/TransDecoder,none_detected,0,0,0,0,{}
github:trinityrnaseq/trinityrnaseq,trinity,trinityrnaseq/trinityrnaseq,unknown,0,0,0,0,{}
github:tseemann/barrnap,barrnap,tseemann/barrnap,none_detected,0,0,0,0,{}
github:tseemann/mlst,mlst,tseemann/mlst,none_detected,0,0,0,0,{}
github:tseemann/prokka,Prokka,tseemann/prokka,none_detected,0,0,0,0,{}
github:tskit-dev/msprime,msprime,tskit-dev/msprime,located,1,1,0,0,"{""Jupytext"": 1}"
github:tskit-dev/tskit,tskit,tskit-dev/tskit,located,1,1,0,0,"{""Jupytext"": 1}"
github:ubod/msa,msa,UBod/msa,located,1,1,0,0,"{""Sweave/knitr"": 1}"
github:ucsc-lowelab/trnascan-se,trnascan-se,UCSC-LoweLab/tRNAscan-SE,none_detected,0,0,0,0,{}
github:ucscgenomebrowser/kent,UCSC Kent utilities,ucscGenomeBrowser/kent,located,1,1,0,0,"{""Jupyter"": 1}"
github:uni-medical/sam-med3d,uni-medical/SAM-Med3D,uni-medical/SAM-Med3D,none_detected,0,0,0,0,{}
github:usadellab/trimmomatic,trimmomatic,usadellab/Trimmomatic,none_detected,0,0,0,0,{}
github:usda-ars-gbru/itsxpress,itsxpress,USDA-ARS-GBRU/itsxpress,none_detected,0,0,0,0,{}
github:uw-ipd/tmol,tmol,uw-ipd/tmol,located,18,17,1,0,"{""Jupyter"": 18}"
github:uwpr/comet,comet-ms,UWPR/Comet,none_detected,0,0,0,0,{}
github:vandijklab/cell2sentence,vandijklab/cell2sentence,vandijklab/cell2sentence,located,11,11,0,0,"{""Jupyter"": 11}"
github:vanheeringen-lab/genomepy,genomepy,vanheeringen-lab/genomepy,none_detected,0,0,0,0,{}
github:varlociraptor/varlociraptor,varlociraptor,varlociraptor/varlociraptor,none_detected,0,0,0,0,{}
github:vcflib/vcflib,vcflib,vcflib/vcflib,none_detected,0,0,0,0,{}
github:vcftools/vcftools,VCFtools,vcftools/vcftools,none_detected,0,0,0,0,{}
github:veg/hyphy,HyPhy,veg/hyphy,lead,0,0,0,0,{}
github:velocyto-team/velocyto.py,velocyto,velocyto-team/velocyto.py,located,6,0,6,0,"{""Jupyter"": 3, ""R Markdown"": 3}"
github:vgteam/vg,vgteam/vg,vgteam/vg,unknown,0,0,0,0,{}
github:viennarna/viennarna,ViennaRNA,ViennaRNA/ViennaRNA,unknown,0,0,0,0,{}
github:virus-evolution/gofasta,gofasta,virus-evolution/gofasta,none_detected,0,0,0,0,{}
github:vjcitn/roc,ROC,vjcitn/ROC,located,1,1,0,0,"{""R Markdown"": 1}"
github:voutcn/megahit,megahit,voutcn/megahit,unknown,0,0,0,0,{}
github:vsbuffalo/bds-files,vsbuffalo/bds-files,vsbuffalo/bds-files,none_detected,0,0,0,0,{}
github:waldronlab/multiassayexperiment,MultiAssayExperiment,waldronlab/MultiAssayExperiment,located,5,5,0,0,"{""R Markdown"": 5}"
github:waldronlab/tcgautils,TCGAutils,waldronlab/TCGAutils,located,1,1,0,0,"{""R Markdown"": 1}"
github:wallnerlab/dockq,dockq,wallnerlab/DockQ,none_detected,0,0,0,0,{}
github:wdecoster/nanoget,nanoget,wdecoster/nanoget,none_detected,0,0,0,0,{}
github:wdecoster/nanoplot,nanoplot,wdecoster/NanoPlot,none_detected,0,0,0,0,{}
github:weecology/deepforest,weecology/DeepForest,weecology/DeepForest,located,4,4,0,0,"{""Jupyter"": 4}"
github:weizhongli/cdhit,cd-hit,weizhongli/cdhit,none_detected,0,0,0,0,{}
github:whatshap/whatshap,whatshap,whatshap/whatshap,none_detected,0,0,0,0,{}
github:whitews/flowio,flowio,whitews/FlowIO,located,1,1,0,0,"{""Jupyter"": 1}"
github:whitews/flowutils,whitews/FlowUtils,whitews/FlowUtils,none_detected,0,0,0,0,{}
github:xiaoqi-zhao-dlut/msnet-m2snet,Xiaoqi-Zhao-DLUT/MSNet-M2SNet,Xiaoqi-Zhao-DLUT/MSNet-M2SNet,none_detected,0,0,0,0,{}
github:xinario/awesome-gan-for-medical-imaging,xinario/awesome-gan-for-medical-imaging,xinario/awesome-gan-for-medical-imaging,none_detected,0,0,0,0,{}
github:yangkky/machine-learning-for-proteins,yangkky/Machine-learning-for-proteins,yangkky/Machine-learning-for-proteins,unknown,0,0,0,0,{}
github:yatisht/usher,usher,yatisht/usher,unknown,0,0,0,0,{}
github:yichizhang98/sam4mis,YichiZhang98/SAM4MIS,YichiZhang98/SAM4MIS,none_detected,0,0,0,0,{}
github:yuanyueli/msentropy,YuanyueLi/MSEntropy,YuanyueLi/MSEntropy,lead,0,0,0,0,{}
github:yulab-smu/chipseeker,ChIPseeker,YuLab-SMU/ChIPseeker,located,2,2,0,0,"{""R Markdown"": 2}"
github:yulab-smu/clusterprofiler,clusterProfiler,YuLab-SMU/clusterProfiler,located,4,4,0,0,"{""Quarto"": 1, ""R Markdown"": 2, ""Sweave/knitr"": 1}"
github:yulab-smu/dose,DOSE,YuLab-SMU/DOSE,located,3,3,0,0,"{""Quarto"": 1, ""R Markdown"": 2}"
github:yulab-smu/enrichplot,enrichplot,YuLab-SMU/enrichplot,located,2,2,0,0,"{""R Markdown"": 2}"
github:yulab-smu/ggtree,ggtree,YuLab-SMU/ggtree,located,2,2,0,0,"{""R Markdown"": 2}"
github:yulab-smu/ggtreeextra,ggtreeExtra,YuLab-SMU/ggtreeExtra,located,2,2,0,0,"{""R Markdown"": 2}"
github:yulab-smu/gosemsim,GOSemSim,YuLab-SMU/GOSemSim,located,2,2,0,0,"{""Quarto"": 1, ""R Markdown"": 1}"
github:yulab-smu/reactomepa,ReactomePA,YuLab-SMU/ReactomePA,located,2,2,0,0,"{""R Markdown"": 2}"
github:yulab-smu/treeio,treeio,YuLab-SMU/treeio,located,2,2,0,0,"{""R Markdown"": 2}"
github:zaeleus/noodles,zaeleus/noodles,zaeleus/noodles,lead,0,0,0,0,{}
github:zeehio/massspecwavelet,MassSpecWavelet,zeehio/MassSpecWavelet,located,2,2,0,0,"{""R Markdown"": 2}"
github:zengflab/sure,sure-tools,ZengFLab/SURE,none_detected,0,0,0,0,{}
github:zhanghao-njmu/scp,zhanghao-njmu/SCP,zhanghao-njmu/SCP,located,1,1,0,0,"{""R Markdown"": 1}"
github:zhengxwen/gdsfmt,gdsfmt,zhengxwen/gdsfmt,located,1,1,0,0,"{""R Markdown"": 1}"
github:zhengxwen/seqarray,SeqArray,zhengxwen/SeqArray,located,3,3,0,0,"{""R Markdown"": 3}"
github:zhengxwen/snprelate,SNPRelate,zhengxwen/SNPRelate,located,1,1,0,0,"{""R Markdown"": 1}"
github:zqfang/gseapy,gseapy,zqfang/GSEApy,located,2,2,0,0,"{""Jupyter"": 2}"
github:zwdzwd/sesame,sesame,zwdzwd/sesame,located,5,5,0,0,"{""R Markdown"": 5}"
http://circos.ca/distribution/circos-0.69-9.tgz,circos,,unknown,0,0,0,0,{}
http://cpan.metacpan.org/authors/id/c/cj/cjfields/bio-featureio-1.6.905.tar.gz,perl-bio-featureio,,none_detected,0,0,0,0,{}
http://research-pub.gene.com/gmap/src/gmap-gsnap-2025-07-31.tar.gz,gmap,,none_detected,0,0,0,0,{}
http://www.ansikte.se/aragorn/downloads/aragorn1.2.41.c,aragorn,,none_detected,0,0,0,0,{}
http://www.bioinf.uni-leipzig.de/software/segemehl/downloads/segemehl-0.3.4.tar.gz,segemehl,,none_detected,0,0,0,0,{}
http://www.clustal.org/omega/clustal-omega-1.2.4.tar.gz,clustalo,,unknown,0,0,0,0,{}
https://bitbucket.org/genomicepidemiology/kma,kma,,unknown,0,0,0,0,{}
https://bitbucket.org/kokonech/qualimap,qualimap,,none_detected,0,0,0,0,{}
https://catchenlab.life.illinois.edu/stacks/source/stacks-2.68.tar.gz,stacks,,unknown,0,0,0,0,{}
https://ccb.jhu.edu/software/glimmerhmm/dl/glimmerhmm-3.0.4.tar.gz,glimmerhmm,,none_detected,0,0,0,0,{}
https://cpan.metacpan.org/authors/id/c/cd/cdraug/bio-tools-phylo-paml-1.7.3.tar.gz,perl-bio-tools-phylo-paml,,none_detected,0,0,0,0,{}
https://cpan.metacpan.org/authors/id/c/cd/cdraug/bio-tools-run-alignment-clustalw-1.7.4.tar.gz,perl-bio-tools-run-alignment-clustalw,,none_detected,0,0,0,0,{}
https://cpan.metacpan.org/authors/id/c/cd/cdraug/bio-tools-run-alignment-tcoffee-1.7.4.tar.gz,perl-bio-tools-run-alignment-tcoffee,,none_detected,0,0,0,0,{}
https://cpan.metacpan.org/authors/id/c/cj/cjfields/bio-asn1-entrezgene-1.73.tar.gz,perl-bio-asn1-entrezgene,,none_detected,0,0,0,0,{}
https://cpan.metacpan.org/authors/id/c/cj/cjfields/bio-coordinate-1.007001.tar.gz,perl-bio-coordinate,,none_detected,0,0,0,0,{}
https://cpan.metacpan.org/authors/id/c/cj/cjfields/bio-searchio-hmmer-1.7.3.tar.gz,perl-bio-searchio-hmmer,,none_detected,0,0,0,0,{}
https://cpan.metacpan.org/authors/id/c/cj/cjfields/bioperl-1.7.8.tar.gz,perl-bioperl,,none_detected,0,0,0,0,{}
https://cpan.metacpan.org/authors/id/c/cj/cjfields/bioperl-run-1.007003.tar.gz,perl-bioperl-run,,none_detected,0,0,0,0,{}
https://cpan.metacpan.org/authors/id/l/ld/lds/bio-samtools-1.43.tar.gz,perl-bio-samtools,,none_detected,0,0,0,0,{}
https://depot.galaxyproject.org/software/abundancebin/abundancebin_1.0.1_src_all.tar.gz,abundancebin,,unknown,0,0,0,0,{}
https://depot.galaxyproject.org/software/emboss/emboss_6.6.0_src_all.tar.gz,emboss,,none_detected,0,0,0,0,{}
https://downloads.sourceforge.net/project/poamsa/poamsa/2.0/poav2.tar.gz,poa,,none_detected,0,0,0,0,{}
https://downloads.sourceforge.net/project/subread/subread-2.1.1/subread-2.1.1-source.tar.gz,subread,,lead,0,0,0,0,{}
https://files.pythonhosted.org/packages/18/9a/d93f18f0752a6a2ccb5ea32bd37f11aede844a6cf33c03e3c18e4aebf3b9/sccoord-1.6.100.tar.gz,sccoord,,none_detected,0,0,0,0,{}
https://files.pythonhosted.org/packages/80/83/cf3f09a8d7ab1fffb48452d6d4d509e7e8587371fc99c7408b2f32b4bb15/mol_hume-1.0.1.tar.gz,mol-hume,,lead,0,0,0,0,{}
https://files.pythonhosted.org/packages/8b/94/a24d594973271658189f885ea61c4f5ed308fbbc22a7962de3117b3c1497/cell_eval2-0.16.0.tar.gz,cell-eval2,,located,1,0,1,0,"{""Jupyter"": 1}"
https://files.pythonhosted.org/packages/a7/bf/c4a8b47f55557cf555711ba8aaff56f7ddacf64795f99629caf8fe9e4af0/pdex-0.3.0.tar.gz,pdex,,none_detected,0,0,0,0,{}
https://files.pythonhosted.org/packages/ec/c1/d9252620d09a064247d1623ebc4732d624921a2ed80a677f8b9ce61810dd/gprofiler-official-1.0.0.tar.gz,gprofiler-official,,none_detected,0,0,0,0,{}
https://ftp.ebi.ac.uk/pub/software/clustalw2/2.1/clustalw-2.1.tar.gz,clustalw,,none_detected,0,0,0,0,{}
https://ftp.ncbi.nih.gov/pub/mmdb/cdd/rpsbproc/20250513_112041/rpsbproc-src.tar.gz,rpsbproc,,none_detected,0,0,0,0,{}
https://ftp.ncbi.nlm.nih.gov/entrez/entrezdirect/versions/26.0.20260719/edirect.tar.gz,Entrez Direct,,unknown,0,0,0,0,{}
https://gitlab.com/ezlab/busco,BUSCO,,lead,0,0,0,0,{}
https://gitlab.com/mcfrith/last,LAST,,unknown,0,0,0,0,{}
https://gitlab.com/paulklemm_phd/proteinortho,proteinortho,,none_detected,0,0,0,0,{}
https://gitlab.com/sysimm/mafft,MAFFT,,none_detected,0,0,0,0,{}
https://meme-suite.org/meme/meme-software/5.5.9/meme-5.5.9.tar.gz,MEME Suite,,lead,0,0,0,0,{}
https://pypi.io/packages/source/p/pybiolib/pybiolib-1.4.551.tar.gz,pybiolib,,lead,0,0,0,0,{}
