id,title,route,cohort,assessment,subdomains,workflow,lineage,canonical_url,input_evidence,dependencies,assessment_reason,code_terms,data_terms,study_cluster
G01,Hemoglobin structural analysis,github,initial,apparently_suitable,structural biology,structure parsing and torsion analysis,predicted,https://github.com/Brunk-Lab/Digital-Upskilling-BioScience/blob/3ea7943222925bd8977af8046ff2f6451135fbe8/Tutorials/DU_Level_0/2_Intro_Structure_Bioinformatics/Basic_Structural_Tutorial.ipynb,AlphaFold P68871 model_v4 URLs in cells; not fetched.,"requests, pandas, py3Dmol, gemmi, Biopython, matplotlib; unpinned","Parses coordinates and secondary structure and computes torsion plots. Input is a prediction, not an experimental structure; angle handling needs independent review.",MIT,Unresolved; code license does not establish data rights.,G01
G02,E. coli metabolic engineering,github,initial,apparently_suitable,systems biology,flux interpretation and knockout ranking,mixed observed and modeled,https://github.com/Brunk-Lab/Digital-Upskilling-BioScience/blob/3ea7943222925bd8977af8046ff2f6451135fbe8/Tutorials/DU_Level_0/3_Intro_Metabolic_Networks/Tutorial_Workflow.ipynb,Inline growth measurements attributed to Brunk et al. 2016; E. coli core model through Escher.,pandas; external Escher/FBA UI,Nutrient-specific versus aggregate knockout ranking provides explicit biological choices. Small inline measurement table; upstream paper and model versions not independently checked.,MIT,Unresolved; code license does not establish data rights.,G02
G03,E. coli replication origin from GC skew,github,initial,apparently_suitable,genomics,sequence composition and origin inference,observed reference,https://github.com/SharifiZarchi/Bioinformatics/blob/e7b16e705492c3857f4531c8c803b74193071f1e/Jupiter_Notebooks/DNA%20oriC/oriC.ipynb,NCBI accession NC_000913.3 via Entrez.efetch.,"Biopython, numpy, matplotlib; unpinned",Cumulative GC skew and extrema give a clear inference objective; prediction is not independent evidence of true origin/terminus.,README states CC BY 4.0; API reports no detected license. File-specific scope not independently audited.,Unresolved; code license does not establish data rights.,G03
G04,Azure data lake with IGV,github,initial,excluded,genomics,genome visualization setup,observed-derived,https://github.com/microsoft/genomicsnotebook/blob/e91b69768c74c7f9a277194e95b7c30631c142f5/sample-notebooks/igv_jupyter_extension_sample.ipynb,Names public Azure GATK test VCF and index; embedded access signature not reused or preserved.,azure-storage-blob==2.1.0; JupyterLab>=3; igv-jupyter,"Mostly installation, file download and track display; no substantive biological comparison. Availability of the old storage endpoint was not tested.",MIT,Unresolved; code license does not establish data rights.,G04
G05,Genomics core curriculum,github,initial,excluded,genomics,sequence manipulation exercises,mixed toy and reference lead,https://github.com/recep2244/protein-ml-zero-to-hero/blob/c6b5f8aaf7c2931c65531b6f8500b1b3e6cd668b/02_genomics_gene_analysis/01_genomics_core.ipynb,Inline toy strings; an NCBI fetch helper and BRCA1 exercise appear later.,"Biopython, numpy, pandas; unpinned",Several headings repeat generic sequence code instead of implementing the described analyses. Reference-data exercises are largely instructions to the learner.,MIT,Unresolved; code license does not establish data rights.,G05
G06,RNA-seq differential expression simulation,github,initial,apparently_suitable,transcriptomics,normalization and differential expression,simulated,https://github.com/recep2244/protein-ml-zero-to-hero/blob/c6b5f8aaf7c2931c65531b6f8500b1b3e6cd668b/02_genomics_gene_analysis/02_rnaseq_analysis.ipynb,Negative-binomial counts generated in cells with seed 42.,"numpy, pandas, scipy, matplotlib","Concrete normalization and testing choices, but all primary counts are simulated. Retain for methods instruction; not evidence of observed RNA-seq coverage.",MIT,Unresolved; code license does not establish data rights.,G06
G07,Microbiome alpha diversity,github,initial,unresolved,ecology/evolution,alpha diversity and group comparison,toy,https://github.com/zaneveld/full_spectrum_bioinformatics/blob/0f8b826ad9f155cf16c3a02fb49462d9b7b004a3/content/07_tabular_omics_data/calculating_alpha_diversity.ipynb,Feature table exists in tree; scenario_1_mapping.txt referenced by code is absent from the saved complete tree.,"pandas, scipy, numpy, matplotlib",Substantive diversity comparison but metadata dependency unresolved. Do not fabricate replacement input from the tutorial display.,Unresolved,Unresolved; code license does not establish data rights.,G07
G08,Coral microbiome beta diversity,github,initial,apparently_suitable,ecology/evolution,dissimilarity and ordination,adapted observed,https://github.com/zaneveld/full_spectrum_bioinformatics/blob/0f8b826ad9f155cf16c3a02fb49462d9b7b004a3/content/07_tabular_omics_data/calculating_beta_diversity.ipynb,Project HERBVRE feature table and individual_mapping_r3.txt both present in pinned repository tree.,"pandas, sklearn, matplotlib","Compares Jaccard/Bray-Curtis, builds distance matrices and colors ordination by metadata. Prose filename differs from actual code; code paths resolve. No native correctness validation.",Unresolved,Unresolved; code license does not establish data rights.,G08
G09,Central dogma with SARS-CoV-2 reference,github,initial,apparently_suitable,genomics; RNA biology,translation and mutation interpretation,mixed reference and simulated,https://github.com/juvenalyosa/bioinformatica-practica/blob/89902d0b24d2c37542f9358e427939eed9fd77ae/modulo-01-biologia-molecular/1.1_dogma_central.ipynb,NC_045512.2 through NCBI with repository GenBank fallback.,"Biopython, numpy, pandas, matplotlib, plotly; remote estilo_curso.py",Extracts annotated spike coding sequence and examines transcription/translation with illustrative simulations. Moving helper URL must be pinned before execution.,Notebook badge says MIT; API reports NOASSERTION; inspect full license before reuse.,Unresolved; code license does not establish data rights.,G09
G10,ORFs and Mycoplasma genetic code,github,initial,apparently_suitable,genomics,ORF prediction and annotation comparison,mixed reference and simulated,https://github.com/juvenalyosa/bioinformatica-practica/blob/89902d0b24d2c37542f9358e427939eed9fd77ae/modulo-01-biologia-molecular/1.2_genes_orfs.ipynb,NC_000908.2 through NCBI and repository fallback; SARS-CoV-2 follow-up shares G09 reference.,"Biopython, numpy, pandas, plotting and course style helper",Compares predicted ORFs with annotated CDS and explicitly considers genetic code 4. Simulations and reference-based analysis must remain separate.,Notebook badge says MIT; API reports NOASSERTION; inspect full license before reuse.,Unresolved; code license does not establish data rights.,G10
B01,Annotating Genomic Ranges,bioconductor,initial,apparently_suitable,genomics,range and variant annotation,mixed reference and constructed,https://bioconductor.org/packages/release/workflows/vignettes/annotation/inst/doc/Annotating_Genomic_Ranges.html,AnnotationHub ClinVar GRCh37 query and TxDb packages; mouse ranges created inline.,"VariantAnnotation, AnnotationHub, GenomicRanges, TxDb; rendered session info",Genome/seqlevel reconciliation and annotation choices are explicit. Hub queries drift; page and package versions differ.,Artistic-2.0 (package),Unresolved; code license does not establish data rights.,B01
B02,Microarray analysis,bioconductor,initial,apparently_suitable,transcriptomics,microarray preprocessing and differential expression,observed-derived,https://bioconductor.org/packages/release/workflows/vignettes/arrays/inst/doc/arrays.html,Package extdata CEL files and pdata.txt via system.file.,"affy, limma; rendered version information","RMA preprocessing, design matrix and empirical-Bayes testing form an identifiable workflow. Full biological provenance needs a follow-up check.",Artistic-2.0 (package),Unresolved; code license does not establish data rights.,B02
B03,BP4RNAseq,bioconductor,initial,excluded,transcriptomics,read QC alignment and quantification,observed reference,https://bioconductor.org/packages/release/workflows/vignettes/BP4RNAseq/inst/doc/vignette.html,SRR11486115/SRR11486114 named in down2quan call.,"R, SRA Toolkit, FastQC, Cutadapt, HISAT2, StringTie, Salmon; versions documented",Primarily automated-tool usage demonstration; no developed biological comparison in this document. Latest-reference retrieval also drifts.,GPL-2 (package),Unresolved; code license does not establish data rights.,B03
B04,CAGE nanotube-exposure workflow,bioconductor,initial,apparently_suitable,transcriptomics; epigenomics,TSS enhancer identification and differential usage,observed-derived,https://bioconductor.org/packages/release/workflows/vignettes/CAGEWorkflow/inst/doc/CAGEWorkflow.html,"nanotubes package, 5 control and 6 exposed mouse lung samples.","CAGEfightR, DESeq2, edgeR, limma, genome/motif packages; session info","Documented contrast, clustering and enhancer/TSS decisions. Suggested parallel settings are not appropriate for this VM.",GPL-3 (package),Unresolved; code license does not establish data rights.,B04
B05,H3K9ac pro-B versus mature B,bioconductor,initial,apparently_suitable,epigenomics,ChIP-seq differential enrichment,observed-derived,https://bioconductor.org/books/3.22/csawBook/h3k9ac-pro-b-versus-mature-b.html,chipseqDBData::H3K9acData returns BAMs/indexes; ENCODE blacklist link.,"csaw, edgeR, chipseqDBData, BiocFileCache; session info","Recovered specific chapter after old vignette redirected to book. Window size, filtering, normalization and testing decisions are explicit.",GPL-3 (book); old chipseqDB package Artistic-2.0,Unresolved; code license does not establish data rights.,B05
B06,csaw guide quick start,bioconductor,initial,apparently_suitable,epigenomics,ChIP-seq differential binding quick start,observed-derived,https://bioconductor.org/books/3.22/csawBook/,"chipseqDBData::NFYAData, excludes input control in example.","csaw, edgeR, chipseqDBData; R/Bioconductor session versions","PDF stub points to book; use welcome chapter quick start as review unit. Distinct from B05 H3K9ac case, but shared book/tool family.",GPL-3 (book),Unresolved; code license does not establish data rights.,B06
B07,CyTOF differential discovery,bioconductor,initial,apparently_suitable,cellular phenotyping,cell clustering and differential abundance/state,adapted observed,https://raw.githubusercontent.com/markrobinsonuzh/cytofWorkflow/master/vignettes/cytofWorkflow.Rmd,HDCytoData::Bodenmiller_BCR_XL_flowSet; PBMC8 metadata and panel via Zenodo 10039274.,"CATALYST, diffcyt, flowCore, readxl, scater; RNGversion 3.5.3","HTML exceeds web-reader size cap; official linked GitHub Rmd source exposes inputs and choices. Eight donors, paired reference/stimulation; source may differ from release.",Artistic-2.0 (package),Unresolved; code license does not establish data rights.,B07
B08,EGSEA ensemble gene-set testing,bioconductor,initial,unresolved,transcriptomics; systems biology,gene-set enrichment ensemble,observed-derived,https://bioconductor.org/packages/release/workflows/vignettes/EGSEA123/inst/doc/EGSEAWorkflow.html,Mouse mammary populations and example preprocessing; EGSEAdata signature collections; inspect expression input acquisition separately.,"EGSEA, EGSEAdata, limma; session info","Biological comparisons and method choices clear, but this pass has not resolved the exact expression input acquisition path. Gene-set package access alone is insufficient.",Artistic-2.0 (package),Unresolved; code license does not establish data rights.,B08
B09,Expression Hunter,bioconductor,initial,apparently_suitable,transcriptomics; systems biology,differential expression coexpression and enrichment,observed-derived (author-described),https://bioconductor.org/packages/release/workflows/vignettes/ExpHunterSuite/inst/doc/hunter.html,toc/target data objects and extData table_of_counts.txt/target.txt in package.,"ExpHunterSuite, DESeq2, edgeR, limma, WGCNA; package dependencies",Control/epm2a count comparison with selectable methods and design terms. Complete study lineage not independently verified.,MIT + license file (package),Unresolved; code license does not establish data rights.,B09
B10,Expression normalization,bioconductor,initial,unresolved,transcriptomics,batch-effect normalization,unknown,https://bioconductor.org/packages/release/workflows/vignettes/ExpressionNormalizationWorkflow/inst/doc/genExpNrm.html,CAD_Expression.csv and CAD_ExptDsgn.csv in placeholder folder shown in extracted code; exact recovery unresolved.,"ExpressionNormalizationWorkflow, Biobase; normalization dependencies in package","Biological example and normalization decisions exist, but input location is not resolved by this inspection.",GPL >=3 (package),Unresolved; code license does not establish data rights.,B10
K01,🧬CAFA 5: Protein function prediction,kaggle,competition_first,apparently_suitable,proteomics,protein function classification,adapted observed plus model embeddings,https://www.kaggle.com/code/maharshipandya/cafa-5-protein-function-prediction,"CAFA labels/GO graph and sergeifironov/t5embeds, both named in metadata and cells.","tensorflow, obonet, numpy, pandas, sklearn","GO label construction, embedding classifier and validation split. Shared T5 input with K03; random split is not a homology-aware evaluation.",Apache-2.0 stated on notebook web page,Competition data page states CC BY 4.0; embedding and other upstream terms unresolved.,cafa-5-protein-function-prediction
K02,CAFA 5 Protein Function Prediction_ embeddings2,kaggle,competition_first,unresolved,proteomics,protein embeddings and ontology label preparation,adapted observed plus model embeddings,https://www.kaggle.com/code/t8101349/cafa-5-protein-function-prediction-embeddings2,CAFA inputs named; code references mafiosoquasar/ems-protbert-model-ensemble output labels but metadata kernelDataSources contains an empty entry.,"torch, transformers, Biopython, scipy, obonet",Unresolved upstream notebook-output dependency. Web metadata marks a copied version; parent identity not fully recovered.,Notebook-specific license unresolved unless noted,Competition data page states CC BY 4.0; embedding and other upstream terms unresolved.,cafa-5-protein-function-prediction
K03,CAFA 5 protein function with TensorFlow,kaggle,competition_first,apparently_suitable,proteomics,protein function classification,adapted observed plus model embeddings,https://www.kaggle.com/code/gusthema/cafa-5-protein-function-with-tensorflow,CAFA train_terms.tsv plus T5 train/test embeddings named in metadata.,"tensorflow, numpy, pandas, progressbar","Top-1500 label selection, DNN training and prediction. Training metrics without held-out validation in this version; substantial memory requirement, not executed.",Apache-2.0 stated on notebook web page,Competition data page states CC BY 4.0; embedding and other upstream terms unresolved.,cafa-5-protein-function-prediction
K04,【日本語】stanford-covid-vaccine,kaggle,competition_first,apparently_suitable,RNA biology,RNA structure probability exploration,observed-derived plus predicted structure,https://www.kaggle.com/code/tatsuya214355/stanford-covid-vaccine,OpenVaccine train/test JSON and bpps matrices.,"pandas, numpy, matplotlib, seaborn","Explores base-pair probabilities and sequence-related inputs; a data-exploration candidate, not validated degradation modeling.",Apache-2.0 stated on notebook web page,Competition rules specify competition and academic use; no redistribution eligibility concluded.,stanford-covid-vaccine
K05,OpenVaccine: LGBM,kaggle,competition_first,apparently_suitable,RNA biology,RNA degradation prediction,observed-derived plus predicted structure,https://www.kaggle.com/code/mannsingh/openvaccine-lgbm,"OpenVaccine train/test JSON, bpps and sample submission.","lightgbm, sklearn, numpy, pandas; xgboost imported",Sequence/structure feature engineering and cross-validation. Targets aggregated per RNA; evaluation differs from per-position competition contract and requires review.,Notebook-specific license unresolved unless noted,Competition rules specify competition and academic use; no redistribution eligibility concluded.,stanford-covid-vaccine
K06,Open Problems – Single-Cell Perturbations,kaggle,competition_first,excluded,transcriptomics,perturbation preprocessing outline,observed-derived,https://www.kaggle.com/code/vaibhavkumarbirajdar/open-problems-single-cell-perturbations,"Competition de_train.parquet, observation metadata and id_map.csv.",pandas,"Only data loading, dropping missing values and cell-type split; model-building section stops at prose.",Apache-2.0 stated on notebook web page,Rules name CC BY 4.0 subject to competition rules; inspect before downstream use.,open-problems-single-cell-perturbations
K07,Single Cells Perturbations -- 1,kaggle,competition_first,apparently_suitable,transcriptomics,perturbation prediction with reduced targets,observed-derived,https://www.kaggle.com/code/amanmukati/single-cells-perturbations-1,"Competition expression targets, compound/cell-type metadata and sample submission.","sklearn PCA/SVD, Ridge, CatBoost, pandas","Dimension reduction, encoded covariates and cross-validation are inspectable choices; preprocessing leakage and split validity not validated.",Notebook-specific license unresolved unless noted,Rules name CC BY 4.0 subject to competition rules; inspect before downstream use.,open-problems-single-cell-perturbations
K08,Single-Cell Perturbation with Conv1D,kaggle,competition_first,apparently_suitable,transcriptomics,perturbation prediction with convolution,observed-derived,https://www.kaggle.com/code/lonnieqin/single-cell-perturbation-with-conv1d,Competition de_train.parquet and id_map.csv.,"tensorflow/keras, sklearn, nltk, numpy, pandas","Explicit preprocessing, token vocabulary, Conv1D architecture and repeated stratified folds. Source version 27 may differ from the searched historical version.",Notebook-specific license unresolved unless noted,Rules name CC BY 4.0 subject to competition rules; inspect before downstream use.,open-problems-single-cell-perturbations
K09,MultiSCI- 📊 EDA ,kaggle,competition_first,apparently_suitable,transcriptomics; cellular phenotyping,single-cell metadata and protein-target exploration,observed-derived,https://www.kaggle.com/code/vicsonsam/multisci-eda,Competition metadata/evaluation IDs and first 800 rows of train_cite_targets.h5.,"pandas, h5py, numpy, seaborn, matplotlib",Explores donor/time/cell-type representation. Does not implement full cross-modal prediction; do not credit ATAC analysis merely from competition title.,Apache-2.0 stated on notebook web page,Unresolved; code license does not establish data rights.,open-problems-multimodal
K10,Multimodal SC Integration Meta-Resources,kaggle,competition_first,excluded,transcriptomics,resource index,unknown,https://www.kaggle.com/code/digitalbro/multimodal-sc-integration-meta-resources,"Links to competition/resources, rather than a complete input-to-result analysis.",One illustrative pandas HDF read,"Useful secondary discovery index, not a substantive analysis document.",Apache-2.0 stated on notebook web page,Unresolved; code license does not establish data rights.,open-problems-multimodal
O01,markgaponyuk/bioinformatics-example,kaggle,original_search,unresolved,,unresolved,unknown,https://www.kaggle.com/code/markgaponyuk/bioinformatics-example,Web extraction returned no notebook cells; no API retry in this frozen cohort.,Unknown,"Original search access failure, not a scientific or Kaggle corpus failure.",unresolved,Unresolved; code license does not establish data rights.,O01
O02,shtrausslearning/biopython-bioinformatics-basics,kaggle,original_search,unresolved,,unresolved,unknown,https://www.kaggle.com/code/shtrausslearning/biopython-bioinformatics-basics,Web extraction returned no notebook cells; no API retry in this frozen cohort.,Unknown,"Original search access failure, not a scientific or Kaggle corpus failure.",unresolved,Unresolved; code license does not establish data rights.,O02
T01,eCOMET treatment-based metabolomics,github,targeted_gap,apparently_suitable,metabolomics; ecology/evolution,metabolite preprocessing and differential abundance,unknown (example represents Arabidopsis herbivory),https://phytoecia.github.io/eCOMET/articles/Tutorial_1_Treatment_based_study.html,"Package extdata/tutorials/treatment_based: feature_table_demo.csv, metadata_demo.csv, annotation and similarity files.","ecomet; package functions for zero replacement, normalization and comparisons","Resolvable example-file paths and treatment contrasts. Whether demo values are observed, adapted or simulated remains unresolved.",Unresolved; no source redistribution in this study.,Unresolved; review separately from code.,Arabidopsis-herbivory-demo
T02,FELLA metabolomics enrichment,bioconductor,targeted_gap,apparently_suitable,metabolomics; systems biology,metabolic network enrichment,adapted observed,https://www.bioconductor.org/packages/release/bioc/vignettes/FELLA/inst/doc/FELLA.pdf,"Vignette supplies study-derived compound lists for epithelial, ovarian and malaria cases; KEGG network must be constructed/recovered separately.","FELLA, KEGG knowledge graph and diffusion matrices","Compound mapping, background and propagation choices explicit. KEGG terms and network snapshot require review; not a locally approved execution workload.",Unresolved; no source redistribution in this study.,Unresolved; review separately from code.,FELLA-multiple-case-studies
T03,CAZyLingua,gallery,targeted_gap,unresolved,proteomics,protein enzyme-family prediction,unknown user input,https://marimo.io/gallery/l/cazylingua,Requires user-supplied H5 ProtT5 embeddings and classifier/checkpoint assets; gallery does not supply an audited example study.,"marimo, h5py, numpy, sklearn, torch, Lightning, polars, altair",Useful biological marimo lead; exact input/checkpoint recovery and source terms not resolved.,Unresolved; no source redistribution in this study.,Unresolved; review separately from code.,CAZyLingua
T04,Ecology Quarto reporting lesson,teaching,targeted_gap,unresolved,ecology/evolution,rodent survey summaries and reporting,adapted observed,https://carpentry.library.ucsb.edu/R-ecology-lesson-2024-10-08/quarto.html,Lesson references cleaned surveys_complete_77_89.csv from preceding lessons; recovery chain not checked.,"R, tidyverse, Quarto",A reporting lesson with biological code chunks; complete standalone qmd and prepared input not resolved.,Unresolved; no source redistribution in this study.,Unresolved; review separately from code.,Data-Carpentry-rodent-survey
A01,scikit-bio community diversity tutorial,awesome-biology,curated_extension,apparently_suitable,ecology/evolution,"phylogenetic diversity, ordination and group testing",constructed toy data,https://scikit.bio/docs/latest/diversity.html,"Inline six-sample count matrix, Newick tree and body-site metadata.","scikit-bio, pandas, matplotlib; rendered docs 0.7.4",Compares diversity metrics and body-site versus subject grouping. Constructed data and permutation randomness limit task use without adaptation.,Unresolved for this document; index CC0 does not license linked content.,Unresolved separately from code.,scikit-bio-toy-six-samples
A02,Biopython phylogenetic tree tutorial,awesome-biology,curated_extension,excluded,ecology/evolution,"tree parsing, traversal and visualization",constructed toy data,https://biopython.org/docs/latest/Tutorial/chapter_phylo.html,Inline simple.dnd topology and links to distribution example files.,Biopython and optional matplotlib/iplotx; docs 1.88,Reviewed tutorial demonstrates tree operations but does not develop a specific biological inference or substantive study comparison.,Unresolved for this document; index CC0 does not license linked content.,Unresolved separately from code.,Biopython-tree-demo
A03,Scanpy PBMC3k clustering and marker analysis,awesome-biology,curated_extension,apparently_suitable,transcriptomics; cellular phenotyping,"single-cell QC, clustering and marker comparison",observed-derived,https://scanpy.readthedocs.io/en/stable/tutorials/basics/clustering-2017.html,10x PBMC3k archive URL and matrix folder given explicitly; bytes not downloaded.,"Scanpy, pandas, matplotlib, igraph and analysis dependencies; full environment not pinned here","Explicit filtering, normalization, graph clustering and marker-test choices. Rendered legacy tutorial may change; results and batch/generalization validity not independently checked.",Unresolved for this document; index CC0 does not license linked content.,Unresolved separately from code.,10x-PBMC3k
A04,EBImage cell segmentation example,awesome-biology,curated_extension,apparently_suitable,cellular phenotyping,"microscopy thresholding, seeded segmentation and cell characterization",observed-derived (sample fluorescence images; acquisition provenance incomplete),https://github.com/aoles/EBImage/blob/5dccf1abc4d15a515058e909b269f88ac6cfc45a/vignettes/EBImage-introduction.Rmd,Package images/nuclei.tif and cells.tif referenced by system.file; both present in repository tree; images not downloaded.,"R, EBImage; versioned source but runtime not recreated","Cell example links thresholding, nuclei masks and propagation into cell masks. Source recovered through GitHub contents API after web reader errors.",Unresolved for this document; index CC0 does not license linked content.,Unresolved separately from code.,EBImage-example-cells
