repository	area
ArcInstitute/evo2	DNA and regulatory models
evo-design/evo	DNA and regulatory models
InstaDeepAI/nucleotide-transformer	DNA and regulatory models
zhihan1996/DNABERT-2	DNA and regulatory models
jerryji1993/DNABERT	DNA and regulatory models
HazyResearch/hyena-dna	DNA and regulatory models
google-deepmind/alphagenome	DNA and regulatory models
calico/basenji	DNA and regulatory models
calico/borzoi	DNA and regulatory models
kundajelab/bpnet	DNA and regulatory models
kundajelab/chrombpnet	DNA and regulatory models
Genentech/gReLU	DNA and regulatory models
lucidrains/enformer-pytorch	DNA and regulatory models
EvolutionaryScale/esm	Protein and biomolecular models
facebookresearch/esm	Protein and biomolecular models
salesforce/progen	Protein and biomolecular models
google-deepmind/alphafold	Protein and biomolecular models
google-deepmind/alphafold3	Protein and biomolecular models
sokrypton/ColabFold	Protein and biomolecular models
sokrypton/ColabDesign	Protein and biomolecular models
aqlaboratory/openfold	Protein and biomolecular models
RosettaCommons/RFdiffusion	Protein and biomolecular models
RosettaCommons/RoseTTAFold	Protein and biomolecular models
dauparas/ProteinMPNN	Protein and biomolecular models
dauparas/LigandMPNN	Protein and biomolecular models
jwohlwend/boltz	Protein and biomolecular models
bytedance/Protenix	Protein and biomolecular models
chai-discovery/chai-lab	Protein and biomolecular models
lucidrains/alphafold3-pytorch	Protein and biomolecular models
bowang-lab/scGPT	Single-cell and systems biology
scverse/scanpy	Single-cell and systems biology
scverse/scvi-tools	Single-cell and systems biology
theislab/scvelo	Single-cell and systems biology
theislab/cellrank	Single-cell and systems biology
satijalab/seurat	Single-cell and systems biology
cole-trapnell-lab/monocle3	Single-cell and systems biology
aertslab/pySCENIC	Single-cell and systems biology
sqjin/CellChat	Single-cell and systems biology
samtools/samtools	Sequence analysis and genomics
samtools/htslib	Sequence analysis and genomics
lh3/minimap2	Sequence analysis and genomics
lh3/bwa	Sequence analysis and genomics
bwa-mem2/bwa-mem2	Sequence analysis and genomics
alexdobin/STAR	Sequence analysis and genomics
DaehwanKimLab/hisat2	Sequence analysis and genomics
DaehwanKimLab/centrifuge	Sequence analysis and genomics
DerrickWood/kraken2	Sequence analysis and genomics
voutcn/megahit	Sequence analysis and genomics
ablab/spades	Sequence analysis and genomics
marbl/canu	Sequence analysis and genomics
chhylp123/hifiasm	Sequence analysis and genomics
mikolmogorov/Flye	Sequence analysis and genomics
rrwick/Unicycler	Sequence analysis and genomics
broadinstitute/gatk	Sequence analysis and genomics
google/deepvariant	Sequence analysis and genomics
google/deepconsensus	Sequence analysis and genomics
Illumina/strelka	Sequence analysis and genomics
pinellolab/CRISPResso2	Sequence analysis and genomics
IGVteam/igv	Sequence analysis and genomics
arq5x/bedtools2	Sequence analysis and genomics
ucscGenomeBrowser/kent	Sequence analysis and genomics
OpenGene/fastp	Sequence analysis and genomics
ewels/MultiQC	Sequence analysis and genomics
pachterlab/kallisto	Sequence analysis and genomics
COMBINE-lab/salmon	Sequence analysis and genomics
rdkit/rdkit	Chemistry and molecular simulation
openbabel/openbabel	Chemistry and molecular simulation
openmm/openmm	Chemistry and molecular simulation
gromacs/gromacs	Chemistry and molecular simulation
deepchem/deepchem	Chemistry and molecular simulation
chemprop/chemprop	Chemistry and molecular simulation
gnina/gnina	Chemistry and molecular simulation
ccsb-scripps/AutoDock-Vina	Chemistry and molecular simulation
gcorso/DiffDock	Chemistry and molecular simulation
openforcefield/openff-toolkit	Chemistry and molecular simulation
molecularsets/moses	Chemistry and molecular simulation
MouseLand/cellpose	Imaging and neuroscience
MouseLand/suite2p	Imaging and neuroscience
stardist/stardist	Imaging and neuroscience
napari/napari	Imaging and neuroscience
qupath/qupath	Imaging and neuroscience
CellProfiler/CellProfiler	Imaging and neuroscience
MIC-DKFZ/nnUNet	Imaging and neuroscience
Project-MONAI/MONAI	Imaging and neuroscience
DeepLabCut/DeepLabCut	Imaging and neuroscience
talmolab/sleap	Imaging and neuroscience
flatironinstitute/CaImAn	Imaging and neuroscience
NeuralEnsemble/elephant	Imaging and neuroscience
mne-tools/mne-python	Imaging and neuroscience
nipy/nibabel	Imaging and neuroscience
freesurfer/freesurfer	Imaging and neuroscience
ANTsX/ANTs	Imaging and neuroscience
nipreps/fmriprep	Imaging and neuroscience
nilearn/nilearn	Imaging and neuroscience
iqtree/iqtree2	Phylogenetics and ecology
stamatak/standard-RAxML	Phylogenetics and ecology
amkozlov/raxml-ng	Phylogenetics and ecology
beast-dev/beast-mcmc	Phylogenetics and ecology
beast2-dev/beast2	Phylogenetics and ecology
nextstrain/augur	Phylogenetics and ecology
nextstrain/auspice	Phylogenetics and ecology
qiime2/qiime2	Phylogenetics and ecology
biobakery/MetaPhlAn	Phylogenetics and ecology
biobakery/humann	Phylogenetics and ecology
ropensci/rgbif	Phylogenetics and ecology
vegandevs/vegan	Phylogenetics and ecology
nf-core/rnaseq	Biological workflows and libraries
nextflow-io/nextflow	Biological workflows and libraries
snakemake/snakemake	Biological workflows and libraries
galaxyproject/galaxy	Biological workflows and libraries
biopython/biopython	Biological workflows and libraries
scikit-bio/scikit-bio	Biological workflows and libraries
