depth,cohort,primary_group,count,total,share,band
100,bioconda,Bioimaging,0,100,0.0,0
100,bioconda,Biomechanics & physiology,0,100,0.0,0
100,bioconda,Biomedical text & clinical data,0,100,0.0,0
100,bioconda,Cheminformatics & drug discovery,0,100,0.0,0
100,bioconda,Computing infrastructure,17,100,0.17,>10
100,bioconda,Ecology & conservation,0,100,0.0,0
100,bioconda,Gene expression,6,100,0.06,6–10
100,bioconda,Gene regulation,3,100,0.03,2–5
100,bioconda,General biology & multi-omics,1,100,0.01,1
100,bioconda,Genetic variation,8,100,0.08,6–10
100,bioconda,Genome assembly & annotation,15,100,0.15,>10
100,bioconda,Immunology,0,100,0.0,0
100,bioconda,Metabolomics,0,100,0.0,0
100,bioconda,Microbiome & metagenomics,3,100,0.03,2–5
100,bioconda,Neuroscience & behavior,0,100,0.0,0
100,bioconda,Phylogenetics & evolution,6,100,0.06,6–10
100,bioconda,Protein structure & biophysics,1,100,0.01,1
100,bioconda,Proteomics,2,100,0.02,2–5
100,bioconda,RNA structure,1,100,0.01,1
100,bioconda,Sequence processing,35,100,0.35,>10
100,bioconda,Single-cell & spatial omics,1,100,0.01,1
100,bioconda,Systems biology & ontologies,1,100,0.01,1
100,bioconductor,Bioimaging,0,100,0.0,0
100,bioconductor,Biomechanics & physiology,0,100,0.0,0
100,bioconductor,Biomedical text & clinical data,0,100,0.0,0
100,bioconductor,Cheminformatics & drug discovery,0,100,0.0,0
100,bioconductor,Computing infrastructure,39,100,0.39,>10
100,bioconductor,Ecology & conservation,0,100,0.0,0
100,bioconductor,Gene expression,15,100,0.15,>10
100,bioconductor,Gene regulation,0,100,0.0,0
100,bioconductor,General biology & multi-omics,4,100,0.04,2–5
100,bioconductor,Genetic variation,1,100,0.01,1
100,bioconductor,Genome assembly & annotation,12,100,0.12,>10
100,bioconductor,Immunology,0,100,0.0,0
100,bioconductor,Metabolomics,0,100,0.0,0
100,bioconductor,Microbiome & metagenomics,2,100,0.02,2–5
100,bioconductor,Neuroscience & behavior,0,100,0.0,0
100,bioconductor,Phylogenetics & evolution,2,100,0.02,2–5
100,bioconductor,Protein structure & biophysics,0,100,0.0,0
100,bioconductor,Proteomics,1,100,0.01,1
100,bioconductor,RNA structure,0,100,0.0,0
100,bioconductor,Sequence processing,7,100,0.07,6–10
100,bioconductor,Single-cell & spatial omics,6,100,0.06,6–10
100,bioconductor,Systems biology & ontologies,11,100,0.11,>10
100,pypi,Bioimaging,8,100,0.08,6–10
100,pypi,Biomechanics & physiology,0,100,0.0,0
100,pypi,Biomedical text & clinical data,2,100,0.02,2–5
100,pypi,Cheminformatics & drug discovery,10,100,0.1,6–10
100,pypi,Computing infrastructure,4,100,0.04,2–5
100,pypi,Ecology & conservation,0,100,0.0,0
100,pypi,Gene expression,1,100,0.01,1
100,pypi,Gene regulation,2,100,0.02,2–5
100,pypi,General biology & multi-omics,6,100,0.06,6–10
100,pypi,Genetic variation,3,100,0.03,2–5
100,pypi,Genome assembly & annotation,4,100,0.04,2–5
100,pypi,Immunology,0,100,0.0,0
100,pypi,Metabolomics,0,100,0.0,0
100,pypi,Microbiome & metagenomics,1,100,0.01,1
100,pypi,Neuroscience & behavior,8,100,0.08,6–10
100,pypi,Phylogenetics & evolution,3,100,0.03,2–5
100,pypi,Protein structure & biophysics,12,100,0.12,>10
100,pypi,Proteomics,3,100,0.03,2–5
100,pypi,RNA structure,1,100,0.01,1
100,pypi,Sequence processing,9,100,0.09,6–10
100,pypi,Single-cell & spatial omics,9,100,0.09,6–10
100,pypi,Systems biology & ontologies,14,100,0.14,>10
100,github,Bioimaging,30,100,0.3,>10
100,github,Biomechanics & physiology,0,100,0.0,0
100,github,Biomedical text & clinical data,4,100,0.04,2–5
100,github,Cheminformatics & drug discovery,7,100,0.07,6–10
100,github,Computing infrastructure,5,100,0.05,2–5
100,github,Ecology & conservation,0,100,0.0,0
100,github,Gene expression,0,100,0.0,0
100,github,Gene regulation,1,100,0.01,1
100,github,General biology & multi-omics,12,100,0.12,>10
100,github,Genetic variation,2,100,0.02,2–5
100,github,Genome assembly & annotation,0,100,0.0,0
100,github,Immunology,0,100,0.0,0
100,github,Metabolomics,0,100,0.0,0
100,github,Microbiome & metagenomics,0,100,0.0,0
100,github,Neuroscience & behavior,10,100,0.1,6–10
100,github,Phylogenetics & evolution,0,100,0.0,0
100,github,Protein structure & biophysics,14,100,0.14,>10
100,github,Proteomics,0,100,0.0,0
100,github,RNA structure,0,100,0.0,0
100,github,Sequence processing,9,100,0.09,6–10
100,github,Single-cell & spatial omics,6,100,0.06,6–10
100,github,Systems biology & ontologies,0,100,0.0,0
100,merged,Bioimaging,35,335,0.1044776119402985,>10
100,merged,Biomechanics & physiology,0,335,0.0,0
100,merged,Biomedical text & clinical data,6,335,0.01791044776119403,6–10
100,merged,Cheminformatics & drug discovery,14,335,0.041791044776119404,>10
100,merged,Computing infrastructure,47,335,0.14029850746268657,>10
100,merged,Ecology & conservation,0,335,0.0,0
100,merged,Gene expression,19,335,0.056716417910447764,>10
100,merged,Gene regulation,5,335,0.014925373134328358,2–5
100,merged,General biology & multi-omics,22,335,0.06567164179104477,>10
100,merged,Genetic variation,12,335,0.03582089552238806,>10
100,merged,Genome assembly & annotation,25,335,0.07462686567164178,>10
100,merged,Immunology,0,335,0.0,0
100,merged,Metabolomics,0,335,0.0,0
100,merged,Microbiome & metagenomics,6,335,0.01791044776119403,6–10
100,merged,Neuroscience & behavior,15,335,0.04477611940298507,>10
100,merged,Phylogenetics & evolution,10,335,0.029850746268656716,6–10
100,merged,Protein structure & biophysics,26,335,0.07761194029850746,>10
100,merged,Proteomics,6,335,0.01791044776119403,6–10
100,merged,RNA structure,1,335,0.0029850746268656717,1
100,merged,Sequence processing,42,335,0.1253731343283582,>10
100,merged,Single-cell & spatial omics,19,335,0.056716417910447764,>10
100,merged,Systems biology & ontologies,25,335,0.07462686567164178,>10
200,bioconda,Bioimaging,0,200,0.0,0
200,bioconda,Biomechanics & physiology,0,200,0.0,0
200,bioconda,Biomedical text & clinical data,0,200,0.0,0
200,bioconda,Cheminformatics & drug discovery,0,200,0.0,0
200,bioconda,Computing infrastructure,38,200,0.19,>10
200,bioconda,Ecology & conservation,0,200,0.0,0
200,bioconda,Gene expression,10,200,0.05,6–10
200,bioconda,Gene regulation,5,200,0.025,2–5
200,bioconda,General biology & multi-omics,8,200,0.04,6–10
200,bioconda,Genetic variation,16,200,0.08,>10
200,bioconda,Genome assembly & annotation,30,200,0.15,>10
200,bioconda,Immunology,1,200,0.005,1
200,bioconda,Metabolomics,0,200,0.0,0
200,bioconda,Microbiome & metagenomics,13,200,0.065,>10
200,bioconda,Neuroscience & behavior,0,200,0.0,0
200,bioconda,Phylogenetics & evolution,12,200,0.06,>10
200,bioconda,Protein structure & biophysics,4,200,0.02,2–5
200,bioconda,Proteomics,3,200,0.015,2–5
200,bioconda,RNA structure,2,200,0.01,2–5
200,bioconda,Sequence processing,53,200,0.265,>10
200,bioconda,Single-cell & spatial omics,4,200,0.02,2–5
200,bioconda,Systems biology & ontologies,1,200,0.005,1
200,bioconductor,Bioimaging,1,200,0.005,1
200,bioconductor,Biomechanics & physiology,0,200,0.0,0
200,bioconductor,Biomedical text & clinical data,0,200,0.0,0
200,bioconductor,Cheminformatics & drug discovery,0,200,0.0,0
200,bioconductor,Computing infrastructure,58,200,0.29,>10
200,bioconductor,Ecology & conservation,0,200,0.0,0
200,bioconductor,Gene expression,28,200,0.14,>10
200,bioconductor,Gene regulation,11,200,0.055,>10
200,bioconductor,General biology & multi-omics,9,200,0.045,6–10
200,bioconductor,Genetic variation,6,200,0.03,6–10
200,bioconductor,Genome assembly & annotation,17,200,0.085,>10
200,bioconductor,Immunology,0,200,0.0,0
200,bioconductor,Metabolomics,3,200,0.015,2–5
200,bioconductor,Microbiome & metagenomics,9,200,0.045,6–10
200,bioconductor,Neuroscience & behavior,0,200,0.0,0
200,bioconductor,Phylogenetics & evolution,4,200,0.02,2–5
200,bioconductor,Protein structure & biophysics,0,200,0.0,0
200,bioconductor,Proteomics,10,200,0.05,6–10
200,bioconductor,RNA structure,0,200,0.0,0
200,bioconductor,Sequence processing,10,200,0.05,6–10
200,bioconductor,Single-cell & spatial omics,17,200,0.085,>10
200,bioconductor,Systems biology & ontologies,17,200,0.085,>10
200,pypi,Bioimaging,15,200,0.075,>10
200,pypi,Biomechanics & physiology,0,200,0.0,0
200,pypi,Biomedical text & clinical data,8,200,0.04,6–10
200,pypi,Cheminformatics & drug discovery,18,200,0.09,>10
200,pypi,Computing infrastructure,14,200,0.07,>10
200,pypi,Ecology & conservation,0,200,0.0,0
200,pypi,Gene expression,2,200,0.01,2–5
200,pypi,Gene regulation,9,200,0.045,6–10
200,pypi,General biology & multi-omics,9,200,0.045,6–10
200,pypi,Genetic variation,8,200,0.04,6–10
200,pypi,Genome assembly & annotation,13,200,0.065,>10
200,pypi,Immunology,5,200,0.025,2–5
200,pypi,Metabolomics,0,200,0.0,0
200,pypi,Microbiome & metagenomics,1,200,0.005,1
200,pypi,Neuroscience & behavior,16,200,0.08,>10
200,pypi,Phylogenetics & evolution,3,200,0.015,2–5
200,pypi,Protein structure & biophysics,24,200,0.12,>10
200,pypi,Proteomics,5,200,0.025,2–5
200,pypi,RNA structure,1,200,0.005,1
200,pypi,Sequence processing,15,200,0.075,>10
200,pypi,Single-cell & spatial omics,13,200,0.065,>10
200,pypi,Systems biology & ontologies,21,200,0.105,>10
200,github,Bioimaging,57,200,0.285,>10
200,github,Biomechanics & physiology,1,200,0.005,1
200,github,Biomedical text & clinical data,7,200,0.035,6–10
200,github,Cheminformatics & drug discovery,16,200,0.08,>10
200,github,Computing infrastructure,9,200,0.045,6–10
200,github,Ecology & conservation,1,200,0.005,1
200,github,Gene expression,1,200,0.005,1
200,github,Gene regulation,1,200,0.005,1
200,github,General biology & multi-omics,23,200,0.115,>10
200,github,Genetic variation,7,200,0.035,6–10
200,github,Genome assembly & annotation,8,200,0.04,6–10
200,github,Immunology,0,200,0.0,0
200,github,Metabolomics,0,200,0.0,0
200,github,Microbiome & metagenomics,1,200,0.005,1
200,github,Neuroscience & behavior,18,200,0.09,>10
200,github,Phylogenetics & evolution,1,200,0.005,1
200,github,Protein structure & biophysics,26,200,0.13,>10
200,github,Proteomics,0,200,0.0,0
200,github,RNA structure,0,200,0.0,0
200,github,Sequence processing,14,200,0.07,>10
200,github,Single-cell & spatial omics,7,200,0.035,6–10
200,github,Systems biology & ontologies,2,200,0.01,2–5
200,merged,Bioimaging,69,672,0.10267857142857142,>10
200,merged,Biomechanics & physiology,1,672,0.001488095238095238,1
200,merged,Biomedical text & clinical data,14,672,0.020833333333333332,>10
200,merged,Cheminformatics & drug discovery,30,672,0.044642857142857144,>10
200,merged,Computing infrastructure,86,672,0.12797619047619047,>10
200,merged,Ecology & conservation,1,672,0.001488095238095238,1
200,merged,Gene expression,35,672,0.052083333333333336,>10
200,merged,Gene regulation,24,672,0.03571428571428571,>10
200,merged,General biology & multi-omics,45,672,0.06696428571428571,>10
200,merged,Genetic variation,33,672,0.049107142857142856,>10
200,merged,Genome assembly & annotation,53,672,0.07886904761904762,>10
200,merged,Immunology,6,672,0.008928571428571428,6–10
200,merged,Metabolomics,3,672,0.004464285714285714,2–5
200,merged,Microbiome & metagenomics,22,672,0.03273809523809524,>10
200,merged,Neuroscience & behavior,29,672,0.043154761904761904,>10
200,merged,Phylogenetics & evolution,17,672,0.025297619047619048,>10
200,merged,Protein structure & biophysics,48,672,0.07142857142857142,>10
200,merged,Proteomics,18,672,0.026785714285714284,>10
200,merged,RNA structure,2,672,0.002976190476190476,2–5
200,merged,Sequence processing,63,672,0.09375,>10
200,merged,Single-cell & spatial omics,35,672,0.052083333333333336,>10
200,merged,Systems biology & ontologies,38,672,0.05654761904761905,>10
300,bioconda,Bioimaging,0,300,0.0,0
300,bioconda,Biomechanics & physiology,0,300,0.0,0
300,bioconda,Biomedical text & clinical data,0,300,0.0,0
300,bioconda,Cheminformatics & drug discovery,0,300,0.0,0
300,bioconda,Computing infrastructure,45,300,0.15,>10
300,bioconda,Ecology & conservation,0,300,0.0,0
300,bioconda,Gene expression,16,300,0.05333333333333334,>10
300,bioconda,Gene regulation,11,300,0.03666666666666667,>10
300,bioconda,General biology & multi-omics,10,300,0.03333333333333333,6–10
300,bioconda,Genetic variation,27,300,0.09,>10
300,bioconda,Genome assembly & annotation,45,300,0.15,>10
300,bioconda,Immunology,2,300,0.006666666666666667,2–5
300,bioconda,Metabolomics,0,300,0.0,0
300,bioconda,Microbiome & metagenomics,24,300,0.08,>10
300,bioconda,Neuroscience & behavior,0,300,0.0,0
300,bioconda,Phylogenetics & evolution,20,300,0.06666666666666667,>10
300,bioconda,Protein structure & biophysics,5,300,0.016666666666666666,2–5
300,bioconda,Proteomics,3,300,0.01,2–5
300,bioconda,RNA structure,3,300,0.01,2–5
300,bioconda,Sequence processing,77,300,0.25666666666666665,>10
300,bioconda,Single-cell & spatial omics,6,300,0.02,6–10
300,bioconda,Systems biology & ontologies,6,300,0.02,6–10
300,bioconductor,Bioimaging,1,300,0.0033333333333333335,1
300,bioconductor,Biomechanics & physiology,0,300,0.0,0
300,bioconductor,Biomedical text & clinical data,1,300,0.0033333333333333335,1
300,bioconductor,Cheminformatics & drug discovery,1,300,0.0033333333333333335,1
300,bioconductor,Computing infrastructure,69,300,0.23,>10
300,bioconductor,Ecology & conservation,0,300,0.0,0
300,bioconductor,Gene expression,37,300,0.12333333333333334,>10
300,bioconductor,Gene regulation,35,300,0.11666666666666667,>10
300,bioconductor,General biology & multi-omics,21,300,0.07,>10
300,bioconductor,Genetic variation,9,300,0.03,6–10
300,bioconductor,Genome assembly & annotation,21,300,0.07,>10
300,bioconductor,Immunology,2,300,0.006666666666666667,2–5
300,bioconductor,Metabolomics,4,300,0.013333333333333334,2–5
300,bioconductor,Microbiome & metagenomics,11,300,0.03666666666666667,>10
300,bioconductor,Neuroscience & behavior,0,300,0.0,0
300,bioconductor,Phylogenetics & evolution,4,300,0.013333333333333334,2–5
300,bioconductor,Protein structure & biophysics,0,300,0.0,0
300,bioconductor,Proteomics,14,300,0.04666666666666667,>10
300,bioconductor,RNA structure,0,300,0.0,0
300,bioconductor,Sequence processing,10,300,0.03333333333333333,6–10
300,bioconductor,Single-cell & spatial omics,28,300,0.09333333333333334,>10
300,bioconductor,Systems biology & ontologies,32,300,0.10666666666666667,>10
300,pypi,Bioimaging,22,300,0.07333333333333333,>10
300,pypi,Biomechanics & physiology,0,300,0.0,0
300,pypi,Biomedical text & clinical data,13,300,0.043333333333333335,>10
300,pypi,Cheminformatics & drug discovery,24,300,0.08,>10
300,pypi,Computing infrastructure,21,300,0.07,>10
300,pypi,Ecology & conservation,2,300,0.006666666666666667,2–5
300,pypi,Gene expression,4,300,0.013333333333333334,2–5
300,pypi,Gene regulation,13,300,0.043333333333333335,>10
300,pypi,General biology & multi-omics,16,300,0.05333333333333334,>10
300,pypi,Genetic variation,15,300,0.05,>10
300,pypi,Genome assembly & annotation,17,300,0.056666666666666664,>10
300,pypi,Immunology,8,300,0.02666666666666667,6–10
300,pypi,Metabolomics,3,300,0.01,2–5
300,pypi,Microbiome & metagenomics,2,300,0.006666666666666667,2–5
300,pypi,Neuroscience & behavior,28,300,0.09333333333333334,>10
300,pypi,Phylogenetics & evolution,4,300,0.013333333333333334,2–5
300,pypi,Protein structure & biophysics,33,300,0.11,>10
300,pypi,Proteomics,5,300,0.016666666666666666,2–5
300,pypi,RNA structure,1,300,0.0033333333333333335,1
300,pypi,Sequence processing,22,300,0.07333333333333333,>10
300,pypi,Single-cell & spatial omics,25,300,0.08333333333333333,>10
300,pypi,Systems biology & ontologies,22,300,0.07333333333333333,>10
300,github,Bioimaging,76,300,0.25333333333333335,>10
300,github,Biomechanics & physiology,1,300,0.0033333333333333335,1
300,github,Biomedical text & clinical data,11,300,0.03666666666666667,>10
300,github,Cheminformatics & drug discovery,25,300,0.08333333333333333,>10
300,github,Computing infrastructure,13,300,0.043333333333333335,>10
300,github,Ecology & conservation,2,300,0.006666666666666667,2–5
300,github,Gene expression,3,300,0.01,2–5
300,github,Gene regulation,3,300,0.01,2–5
300,github,General biology & multi-omics,28,300,0.09333333333333334,>10
300,github,Genetic variation,11,300,0.03666666666666667,>10
300,github,Genome assembly & annotation,17,300,0.056666666666666664,>10
300,github,Immunology,0,300,0.0,0
300,github,Metabolomics,0,300,0.0,0
300,github,Microbiome & metagenomics,2,300,0.006666666666666667,2–5
300,github,Neuroscience & behavior,27,300,0.09,>10
300,github,Phylogenetics & evolution,3,300,0.01,2–5
300,github,Protein structure & biophysics,41,300,0.13666666666666666,>10
300,github,Proteomics,0,300,0.0,0
300,github,RNA structure,0,300,0.0,0
300,github,Sequence processing,19,300,0.06333333333333334,>10
300,github,Single-cell & spatial omics,15,300,0.05,>10
300,github,Systems biology & ontologies,3,300,0.01,2–5
300,merged,Bioimaging,94,1014,0.09270216962524655,>10
300,merged,Biomechanics & physiology,1,1014,0.0009861932938856016,1
300,merged,Biomedical text & clinical data,23,1014,0.022682445759368838,>10
300,merged,Cheminformatics & drug discovery,45,1014,0.04437869822485207,>10
300,merged,Computing infrastructure,112,1014,0.11045364891518737,>10
300,merged,Ecology & conservation,4,1014,0.0039447731755424065,2–5
300,merged,Gene expression,48,1014,0.047337278106508875,>10
300,merged,Gene regulation,54,1014,0.05325443786982249,>10
300,merged,General biology & multi-omics,70,1014,0.06903353057199212,>10
300,merged,Genetic variation,51,1014,0.05029585798816568,>10
300,merged,Genome assembly & annotation,79,1014,0.07790927021696252,>10
300,merged,Immunology,12,1014,0.011834319526627219,>10
300,merged,Metabolomics,7,1014,0.006903353057199211,6–10
300,merged,Microbiome & metagenomics,31,1014,0.03057199211045365,>10
300,merged,Neuroscience & behavior,48,1014,0.047337278106508875,>10
300,merged,Phylogenetics & evolution,24,1014,0.023668639053254437,>10
300,merged,Protein structure & biophysics,70,1014,0.06903353057199212,>10
300,merged,Proteomics,22,1014,0.021696252465483234,>10
300,merged,RNA structure,3,1014,0.0029585798816568047,2–5
300,merged,Sequence processing,94,1014,0.09270216962524655,>10
300,merged,Single-cell & spatial omics,67,1014,0.06607495069033531,>10
300,merged,Systems biology & ontologies,55,1014,0.054240631163708086,>10
