depth,first,second,n_shared,jaccard,spearman_rho
100,bioconda,bioconductor,28,0.16279069767441862,0.8139025725232621
100,bioconda,pypi,10,0.05263157894736842,0.296969696969697
100,bioconda,github,13,0.06951871657754011,-0.1043956043956044
100,bioconductor,pypi,0,0.0,
100,bioconductor,github,1,0.005025125628140704,
100,pypi,github,15,0.08108108108108109,0.5642857142857143
200,bioconda,bioconductor,54,0.15606936416184972,0.7262435677530017
200,bioconda,pypi,20,0.05263157894736842,0.15789473684210525
200,bioconda,github,25,0.06666666666666667,-0.35
200,bioconductor,pypi,0,0.0,
200,bioconductor,github,3,0.007556675062972292,-1.0
200,pypi,github,31,0.08401084010840108,0.31088709677419357
300,bioconda,bioconductor,73,0.13851992409867173,0.6818770825620141
300,bioconda,pypi,34,0.06007067137809187,0.35309396485867073
300,bioconda,github,38,0.06761565836298933,0.2167633220264799
300,bioconductor,pypi,0,0.0,
300,bioconductor,github,4,0.006711409395973154,0.2
300,pypi,github,46,0.08303249097472924,0.1923527597903176
