source_id	name	routes	summary	evidence
bioconductor:alabaster.sce	alabaster.sce	bioconductor	Load and Save SingleCellExperiment from File	https://bioconductor.org/packages/3.23/bioc/html/alabaster.sce.html
bioconductor:beadarray	beadarray	bioconductor	Quality assessment and low-level analysis for Illumina BeadArray data	https://bioconductor.org/packages/3.23/bioc/html/beadarray.html
bioconductor:category	Category	bioconductor	Category Analysis	https://bioconductor.org/packages/3.23/bioc/html/Category.html
bioconductor:champ	ChAMP	bioconductor	Chip Analysis Methylation Pipeline for Illumina HumanMethylation450 and EPIC	https://bioconductor.org/packages/3.23/bioc/html/ChAMP.html
bioconductor:chippeakanno	ChIPpeakAnno	bioconductor	Batch annotation of the peaks identified from either ChIP-seq, ChIP-chip experiments, or any experiments that result in large number of genomic interval data	https://bioconductor.org/packages/3.23/bioc/html/ChIPpeakAnno.html
bioconductor:chipseq	chipseq	bioconductor	chipseq: A package for analyzing chipseq data	https://bioconductor.org/packages/3.23/bioc/html/chipseq.html
bioconductor:chromvar	chromVAR	bioconductor	Chromatin Variation Across Regions	https://bioconductor.org/packages/3.23/bioc/html/chromVAR.html
bioconductor:diffbind	DiffBind	bioconda,bioconductor	Differential Binding Analysis of ChIP-Seq Peak Data	https://bioconductor.org/packages/3.23/bioc/html/DiffBind.html;https://github.com/bioconda/bioconda-recipes/tree/254ba2d4bcda7fe6ed2baa586bac6c35885a4b10/recipes/bioconductor-diffbind
bioconductor:dittoseq	dittoSeq	bioconductor	User Friendly Single-Cell and Bulk RNA Sequencing Visualization	https://bioconductor.org/packages/3.23/bioc/html/dittoSeq.html
bioconductor:dmrcate	DMRcate	bioconductor	Methylation array and sequencing spatial analysis methods	https://bioconductor.org/packages/3.23/bioc/html/DMRcate.html
bioconductor:dss	DSS	bioconductor	Dispersion shrinkage for sequencing data	https://bioconductor.org/packages/3.23/bioc/html/DSS.html
bioconductor:dyndoc	DynDoc	bioconductor	Dynamic document tools	https://bioconductor.org/packages/3.23/bioc/html/DynDoc.html
bioconductor:flowclust	flowClust	bioconductor	Clustering for Flow Cytometry	https://bioconductor.org/packages/3.23/bioc/html/flowClust.html
bioconductor:flowsom	FlowSOM	bioconductor	Using self-organizing maps for visualization and interpretation of cytometry data	https://bioconductor.org/packages/3.23/bioc/html/FlowSOM.html
bioconductor:flowviz	flowViz	bioconductor	Visualization for flow cytometry	https://bioconductor.org/packages/3.23/bioc/html/flowViz.html
bioconductor:gcrma	gcrma	bioconductor	Background Adjustment Using Sequence Information	https://bioconductor.org/packages/3.23/bioc/html/gcrma.html
bioconductor:geneoverlap	GeneOverlap	bioconductor	Test and visualize gene overlaps	https://bioconductor.org/packages/3.23/bioc/html/GeneOverlap.html
bioconductor:genie3	GENIE3	bioconductor	GEne Network Inference with Ensemble of trees	https://bioconductor.org/packages/3.23/bioc/html/GENIE3.html
bioconductor:globalancova	GlobalAncova	bioconductor	Global test for groups of variables via model comparisons	https://bioconductor.org/packages/3.23/bioc/html/GlobalAncova.html
bioconductor:go.db	go.db	bioconda	Bioconductor package go.db	https://github.com/bioconda/bioconda-recipes/tree/254ba2d4bcda7fe6ed2baa586bac6c35885a4b10/recipes/bioconductor-go.db
bioconductor:gostats	GOstats	bioconductor	Tools for manipulating GO and microarrays	https://bioconductor.org/packages/3.23/bioc/html/GOstats.html
bioconductor:greylistchip	GreyListChIP	bioconductor	Grey Lists -- Mask Artefact Regions Based on ChIP Inputs	https://bioconductor.org/packages/3.23/bioc/html/GreyListChIP.html
bioconductor:ihw	IHW	bioconductor	Independent Hypothesis Weighting	https://bioconductor.org/packages/3.23/bioc/html/IHW.html
bioconductor:lumi	lumi	bioconductor	BeadArray Specific Methods for Illumina Methylation and Expression Microarrays	https://bioconductor.org/packages/3.23/bioc/html/lumi.html
bioconductor:mfuzz	Mfuzz	bioconductor	Soft clustering of omics time series data	https://bioconductor.org/packages/3.23/bioc/html/Mfuzz.html
bioconductor:microrna	microRNA	bioconductor	Data and functions for dealing with microRNAs	https://bioconductor.org/packages/3.23/bioc/html/microRNA.html
bioconductor:minet	minet	bioconductor	Mutual Information NETworks	https://bioconductor.org/packages/3.23/bioc/html/minet.html
bioconductor:missmethyl	missMethyl	bioconductor	Analysing Illumina HumanMethylation BeadChip Data	https://bioconductor.org/packages/3.23/bioc/html/missMethyl.html
bioconductor:mlinterfaces	MLInterfaces	bioconductor	Uniform interfaces to R machine learning procedures for data in Bioconductor containers	https://bioconductor.org/packages/3.23/bioc/html/MLInterfaces.html
bioconductor:motifdb	MotifDb	bioconductor	An Annotated Collection of Protein-DNA Binding Sequence Motifs	https://bioconductor.org/packages/3.23/bioc/html/MotifDb.html
bioconductor:motifstack	motifStack	bioconductor	Plot stacked logos for single or multiple DNA, RNA and amino acid sequence	https://bioconductor.org/packages/3.23/bioc/html/motifStack.html
bioconductor:msstats	MSstats	bioconductor	Protein Significance Analysis in DDA, SRM and DIA for Label-free or Label-based Proteomics Experiments	https://bioconductor.org/packages/3.23/bioc/html/MSstats.html
bioconductor:ncdfflow	ncdfFlow	bioconductor	ncdfFlow: A package that provides HDF5 based storage for flow cytometry data.	https://bioconductor.org/packages/3.23/bioc/html/ncdfFlow.html
bioconductor:opencyto	openCyto	bioconductor	Hierarchical Gating Pipeline for flow cytometry data	https://bioconductor.org/packages/3.23/bioc/html/openCyto.html
bioconductor:org.hs.eg.db	org.hs.eg.db	bioconda	Bioconductor package org.hs.eg.db	https://github.com/bioconda/bioconda-recipes/tree/254ba2d4bcda7fe6ed2baa586bac6c35885a4b10/recipes/bioconductor-org.hs.eg.db
bioconductor:quantiseqr	quantiseqr	bioconductor	Quantification of the Tumor Immune contexture from RNA-seq data	https://bioconductor.org/packages/3.23/bioc/html/quantiseqr.html
bioconductor:reportingtools	ReportingTools	bioconductor	Tools for making reports in various formats	https://bioconductor.org/packages/3.23/bioc/html/ReportingTools.html
bioconductor:safe	safe	bioconductor	Significance Analysis of Function and Expression	https://bioconductor.org/packages/3.23/bioc/html/safe.html
bioconductor:scds	scds	bioconductor	In-Silico Annotation of Doublets for Single Cell RNA Sequencing Data	https://bioconductor.org/packages/3.23/bioc/html/scds.html
bioconductor:seqpattern	seqPattern	bioconductor	Visualising oligonucleotide patterns and motif occurrences across a set of sorted sequences	https://bioconductor.org/packages/3.23/bioc/html/seqPattern.html
bioconductor:spia	SPIA	bioconductor	Signaling Pathway Impact Analysis (SPIA) using combined evidence of pathway over-representation and unusual signaling perturbations	https://bioconductor.org/packages/3.23/bioc/html/SPIA.html
bioconductor:survcomp	survcomp	bioconductor	Performance Assessment and Comparison for Survival Analysis	https://bioconductor.org/packages/3.23/bioc/html/survcomp.html
bioconductor:trackviewer	trackViewer	bioconductor	A R/Bioconductor package with web interface for drawing elegant interactive tracks or lollipop plot to facilitate integrated analysis of multi-omics data	https://bioconductor.org/packages/3.23/bioc/html/trackViewer.html
bioconductor:viper	viper	bioconductor	Virtual Inference of Protein-activity by Enriched Regulon analysis	https://bioconductor.org/packages/3.23/bioc/html/viper.html
bioconductor:watermelon	wateRmelon	bioconductor	Illumina DNA methylation array normalization and metrics	https://bioconductor.org/packages/3.23/bioc/html/wateRmelon.html
github:4dn-dcic/pairix	pairix	bioconda	2D indexing on bgzipped text files of paired genomic coordinates	https://raw.githubusercontent.com/bioconda/bioconda-recipes/254ba2d4bcda7fe6ed2baa586bac6c35885a4b10/recipes/pairix/meta.yaml
github:abhishektiwari/hbat	hbat	pypi	HBAT 2: A Python Package to analyse Hydrogen Bonds and Other Non-covalent Interactions in Macromolecular Structures  https://hbat-web.abhishek-tiwari.com	https://pypi.org/pypi/hbat/json;https://github.com/abhishektiwari/hbat
github:aertslab/rcistarget	RcisTarget	bioconductor	RcisTarget Identify transcription factor binding motifs enriched on a list of genes or genomic regions	https://bioconductor.org/packages/3.23/bioc/html/RcisTarget.html
github:al2na/methylkit	methylKit	bioconductor	DNA methylation analysis from high-throughput bisulfite sequencing results	https://bioconductor.org/packages/3.23/bioc/html/methylKit.html
github:alexg9010/fastseg	fastseg	bioconductor	fastseg - a fast segmentation algorithm	https://bioconductor.org/packages/3.23/bioc/html/fastseg.html
github:alyssafrazee/ballgown	ballgown	bioconductor	Flexible, isoform-level differential expression analysis	https://bioconductor.org/packages/3.23/bioc/html/ballgown.html
github:angeloucn/min_max_similarity	AngeLouCN/Min_Max_Similarity	github	A contrastive learning based semi-supervised segmentation network for medical image segmentation	https://github.com/AngeLouCN/Min_Max_Similarity
github:antigenomics/arda	arda-mapper	pypi	High-throughput mapping and domain partitioning of antigen receptor sequences	https://pypi.org/pypi/arda-mapper/json;https://github.com/antigenomics/arda
github:antigenomics/vdjtools	vdjtools	pypi	Analysis of immune repertoire sequencing results	https://pypi.org/pypi/vdjtools/json;https://github.com/antigenomics/vdjtools
github:aqlaboratory/openfold-3	aqlaboratory/openfold-3	github	A fully open source biomolecular structure prediction model based on AlphaFold3	https://github.com/aqlaboratory/openfold-3
github:ariloytynoja/prank-msa	prank	bioconda	PRANK is a probabilistic multiple alignment program for DNA, codon and amino-acid sequences.	https://raw.githubusercontent.com/bioconda/bioconda-recipes/254ba2d4bcda7fe6ed2baa586bac6c35885a4b10/recipes/prank/meta.yaml
github:arpcard/rgi	rgi	bioconda	This tool provides a preliminary annotation of your DNA sequence(s) based upon the data available in The Comprehensive Antibiotic Resistance Database (CARD). Hits to genes tagged with Antibiotic Resistance ontology terms will be highlighted. As CARD expands to include more pathogens, genomes, plasmids, and ontology terms this tool will grow increasingly powerful in providing first-pass detection of antibiotic resistance associated genes. See license at CARD website.	https://raw.githubusercontent.com/bioconda/bioconda-recipes/254ba2d4bcda7fe6ed2baa586bac6c35885a4b10/recipes/rgi/meta.yaml
github:arvados/arvados	arvados-python-client	bioconda	Arvados client library.	https://raw.githubusercontent.com/bioconda/bioconda-recipes/254ba2d4bcda7fe6ed2baa586bac6c35885a4b10/recipes/arvados-python-client/meta.yaml
github:asoplata/open-computational-neuroscience-resources	asoplata/open-computational-neuroscience-resources	github	A publicly-editable collection of open computational neuroscience resources	https://github.com/asoplata/open-computational-neuroscience-resources
github:astrazeneca/chemicalx	AstraZeneca/chemicalx	github	A PyTorch and TorchDrug based deep learning library for drug pair scoring. (KDD 2022)	https://github.com/AstraZeneca/chemicalx
github:atks/vt	vt	bioconda	A tool set for manipulating and generating VCF files.	https://raw.githubusercontent.com/bioconda/bioconda-recipes/254ba2d4bcda7fe6ed2baa586bac6c35885a4b10/recipes/vt/meta.yaml
github:awslabs/dgl-lifesci	awslabs/dgl-lifesci	github	Python package for graph neural networks in chemistry and biology	https://github.com/awslabs/dgl-lifesci
github:backofenlab/intarna	intarna	bioconda	Efficient RNA-RNA interaction prediction incorporating seeding and accessibility of interacting sites.	https://raw.githubusercontent.com/bioconda/bioconda-recipes/254ba2d4bcda7fe6ed2baa586bac6c35885a4b10/recipes/intarna/meta.yaml
github:bactopia/bactopia	bactopia	bioconda	Bactopia is a flexible pipeline for complete analysis of bacterial genomes.	https://raw.githubusercontent.com/bioconda/bioconda-recipes/254ba2d4bcda7fe6ed2baa586bac6c35885a4b10/recipes/bactopia/meta.yaml
github:bayer-group/tiffslide	tiffslide	pypi	TiffSlide - cloud native openslide-python replacement based on tifffile	https://pypi.org/pypi/tiffslide/json;https://github.com/Bayer-Group/tiffslide
github:bebop/poly	bebop/poly	github	A Go package for engineering organisms.	https://github.com/bebop/poly
github:bedops/bedops	BEDOPS	bioconda	:microscope: BEDOPS: high-performance genomic feature operations	https://raw.githubusercontent.com/bioconda/bioconda-recipes/254ba2d4bcda7fe6ed2baa586bac6c35885a4b10/recipes/bedops/meta.yaml;https://github.com/bedops/bedops
github:bernatgel/karyoploter	karyoploteR	bioconductor	Plot customizable linear genomes displaying arbitrary data	https://bioconductor.org/packages/3.23/bioc/html/karyoploteR.html
github:bihealth/vcfpy	vcfpy	bioconda	Python 3 VCF library with good support for both reading and writing.	https://raw.githubusercontent.com/bioconda/bioconda-recipes/254ba2d4bcda7fe6ed2baa586bac6c35885a4b10/recipes/vcfpy/meta.yaml
github:bimsbbioinfo/genomation	genomation	bioconductor	Summary, annotation and visualization of genomic data	https://bioconductor.org/packages/3.23/bioc/html/genomation.html
github:biobakery/maaslin2	Maaslin2	bioconductor	"""Multivariable Association Discovery in Population-scale Meta-omics Studies"""	https://bioconductor.org/packages/3.23/bioc/html/Maaslin2.html
github:bioconductor/genomicdatacommons	GenomicDataCommons	bioconductor	NIH / NCI Genomic Data Commons Access	https://bioconductor.org/packages/3.23/bioc/html/GenomicDataCommons.html
github:bioconductor/genomicfiles	GenomicFiles	bioconductor	Distributed computing by file or by range	https://bioconductor.org/packages/3.23/bioc/html/GenomicFiles.html
github:bioconductor/raggedexperiment	RaggedExperiment	bioconductor	Representation of Sparse Experiments and Assays Across Samples	https://bioconductor.org/packages/3.23/bioc/html/RaggedExperiment.html
github:bioconductor/uniprot.ws	UniProt.ws	bioconductor	R Interface to UniProt Web Services	https://bioconductor.org/packages/3.23/bioc/html/UniProt.ws.html
github:biocontainers/containers	BioContainers/containers	github	Bioinformatics containers	https://github.com/BioContainers/containers
github:biocpy/biocframe	biocframe	pypi	Bioconductor-like data frames	https://pypi.org/pypi/biocframe/json;https://github.com/BiocPy/biocframe
github:biocpy/biocutils	biocutils	pypi	Miscellaneous utilities for BiocPy, mostly to mimic base functionality in R.  	https://pypi.org/pypi/biocutils/json;https://github.com/BiocPy/biocutils
github:biofam/mofa2	MOFA2	bioconductor	Multi-Omics Factor Analysis v2	https://bioconductor.org/packages/3.23/bioc/html/MOFA2.html
github:biothings/myvariant.py	myvariant	pypi	Python client for MyVariant.info web services.	https://pypi.org/pypi/myvariant/json;https://github.com/biothings/myvariant.py
github:bjmt/universalmotif	universalmotif	bioconductor	Import, Modify, and Export Motifs with R	https://bioconductor.org/packages/3.23/bioc/html/universalmotif.html
github:bmbolstad/affyplm	affyPLM	bioconductor	Methods for fitting probe-level models	https://bioconductor.org/packages/3.23/bioc/html/affyPLM.html
github:booritas/slideio	slideio	pypi	Reading of medical images	https://pypi.org/pypi/slideio/json;https://github.com/Booritas/slideio
github:borchlab/screpertoire	scRepertoire	bioconductor	A toolkit for single-cell immune receptor profiling	https://bioconductor.org/packages/3.23/bioc/html/scRepertoire.html
github:bowang-lab/medsam2	bowang-lab/MedSAM2	github	MedSAM2: Segment Anything in 3D Medical Images and Videos	https://github.com/bowang-lab/MedSAM2
github:brainglobe/brainrender	brainglobe/brainrender	github	A Python package to visualise neuroanatomical data in atlas space	https://github.com/brainglobe/brainrender
github:brainpy/brainpy	brainpy/BrainPy	github	Brain Dynamics Programming in Python	https://github.com/brainpy/BrainPy
github:brentp/mosdepth	mosdepth	bioconda	Fast BAM/CRAM depth calculation for WGS, exome, or targeted sequencing.	https://raw.githubusercontent.com/bioconda/bioconda-recipes/254ba2d4bcda7fe6ed2baa586bac6c35885a4b10/recipes/mosdepth/meta.yaml
github:bwa-mem2/bwa-mem2	bwa-mem2/bwa-mem2	github	The next version of bwa-mem 	https://github.com/bwa-mem2/bwa-mem2
github:caiyuanhao1998/sax-nerf	caiyuanhao1998/SAX-NeRF	github	"""Structure-Aware Sparse-View X-ray 3D Reconstruction"" (CVPR 2024)  -  A Toolbox for CT reconstruction and X-ray Novel View Synthesis"	https://github.com/caiyuanhao1998/SAX-NeRF
github:campbio/celda	celda	bioconductor	CEllular Latent Dirichlet Allocation	https://bioconductor.org/packages/3.23/bioc/html/celda.html
github:cbcrg/tcoffee	t-coffee	bioconda	A collection of tools for Multiple Alignments of DNA, RNA, Protein Sequence.	https://raw.githubusercontent.com/bioconda/bioconda-recipes/254ba2d4bcda7fe6ed2baa586bac6c35885a4b10/recipes/t-coffee/meta.yaml
github:cbluebenchmark/cblue	CBLUEbenchmark/CBLUE	github	[CBLUE1] 中文医疗信息处理基准CBLUE: A Chinese Biomedical Language Understanding Evaluation Benchmark	https://github.com/CBLUEbenchmark/CBLUE
github:cbouy/mols2grid	cbouy/mols2grid	pypi	Interactive molecule viewer for 2D structures	https://github.com/cbouy/mols2grid;https://pypi.org/pypi/mols2grid/json
github:ccp4/ccp4i2	ccp4i2	pypi	CCP4i2 Graphical front end to CCP4 crystallography suite	https://pypi.org/pypi/ccp4i2/json;https://github.com/ccp4/ccp4i2
github:cgatoxford/umi-tools	umi_tools	bioconda	Tools for handling Unique Molecular Identifiers in NGS data sets	https://raw.githubusercontent.com/bioconda/bioconda-recipes/254ba2d4bcda7fe6ed2baa586bac6c35885a4b10/recipes/umi_tools/meta.yaml;https://github.com/CGATOxford/UMI-tools
github:chainer/chainer-chemistry	chainer/chainer-chemistry	github	Chainer Chemistry: A Library for Deep Learning in Biology and Chemistry	https://github.com/chainer/chainer-chemistry
github:chanzuckerberg/cellxgene	chanzuckerberg/cellxgene	github	An interactive explorer for single-cell transcriptomics data	https://github.com/chanzuckerberg/cellxgene
github:chanzuckerberg/miniwdl	miniwdl	pypi	Workflow Description Language developer tools & local runner	https://pypi.org/pypi/miniwdl/json;https://github.com/chanzuckerberg/miniwdl
github:chemfiles/chemfiles.py	chemfiles	pypi	Python binding to chemfiles	https://pypi.org/pypi/chemfiles/json;https://github.com/chemfiles/chemfiles.py
github:chhylp123/hifiasm	chhylp123/hifiasm	github	Hifiasm: a haplotype-resolved assembler for accurate Hifi reads 	https://github.com/chhylp123/hifiasm
github:cidarlab/cello	CIDARLAB/cello	github	Genetic circuit design automation	https://github.com/CIDARLAB/cello
github:cmu-delphi/delphi-epidata	delphi-epidata	pypi	An open API for epidemiological data.	https://pypi.org/pypi/delphi-epidata/json;https://github.com/cmu-delphi/delphi-epidata
github:cokelaer/bioservices	bioservices	pypi	Access to Biological Web Services from Python. 	https://pypi.org/pypi/bioservices/json;https://github.com/cokelaer/bioservices
github:computational-cell-analytics/micro-sam	computational-cell-analytics/micro-sam	github	Segment Anything for Microscopy	https://github.com/computational-cell-analytics/micro-sam
github:copasi/basico	copasi-basico	pypi	A simplified python interface to COPASI.	https://pypi.org/pypi/copasi-basico/json;https://github.com/copasi/basico
github:cytoscape/rcy3	RCy3	bioconductor	Functions to Access and Control Cytoscape	https://bioconductor.org/packages/3.23/bioc/html/RCy3.html
github:danforthcenter/plantcv	danforthcenter/plantcv	github	Plant phenotyping with image analysis	https://github.com/danforthcenter/plantcv
github:datajoint/datajoint-python	datajoint	pypi	Relational Workflows: where database schemas define executable data pipelines.	https://pypi.org/pypi/datajoint/json;https://github.com/datajoint/datajoint-python
github:datapplab/gage	gage	bioconductor	Generally Applicable Gene-set Enrichment for Pathway Analysis	https://bioconductor.org/packages/3.23/bioc/html/gage.html
github:davidemms/orthofinder	davidemms/OrthoFinder	github	Phylogenetic orthology inference for comparative genomics	https://github.com/davidemms/OrthoFinder
github:deepmodeling/unimol_tools	deepmodeling/unimol_tools	pypi	unimol_tools: a easy-use & auto-ml molecule property prediction tool	https://github.com/deepmodeling/unimol_tools;https://pypi.org/pypi/unimol-tools/json
github:deeptools/deeptools_intervals	deeptoolsintervals	pypi	A python library for constructing interval trees with associated exon/annotation information	https://pypi.org/pypi/deeptoolsintervals/json;https://github.com/deeptools/deeptools_intervals
github:deeptools/hicexplorer	hicexplorer	bioconda	Set of programs to process, analyze and visualize Hi-C and capture Hi-C data	https://raw.githubusercontent.com/bioconda/bioconda-recipes/254ba2d4bcda7fe6ed2baa586bac6c35885a4b10/recipes/hicexplorer/meta.yaml
github:deeptools/py2bit	py2bit	bioconda,pypi	A python library for accessing 2bit files	https://raw.githubusercontent.com/bioconda/bioconda-recipes/254ba2d4bcda7fe6ed2baa586bac6c35885a4b10/recipes/py2bit/meta.yaml;https://pypi.org/pypi/py2bit/json;https://github.com/deeptools/py2bit
github:dereneaton/ipyrad	ipyrad	bioconda	Interactive assembly and analysis of RAD-seq data sets.	https://raw.githubusercontent.com/bioconda/bioconda-recipes/254ba2d4bcda7fe6ed2baa586bac6c35885a4b10/recipes/ipyrad/meta.yaml
github:deweylab/rsem	rsem	bioconda	RSEM is a software package for estimating gene and isoform expression levels from RNA-Seq data.	https://raw.githubusercontent.com/bioconda/bioconda-recipes/254ba2d4bcda7fe6ed2baa586bac6c35885a4b10/recipes/rsem/meta.yaml
github:dib-lab/khmer	dib-lab/khmer	github	In-memory nucleotide sequence k-mer counting, filtering, graph traversal and more	https://github.com/dib-lab/khmer
github:dib-lab/screed	screed	pypi	a simple read-only sequence database, designed for short reads	https://pypi.org/pypi/screed/json;https://github.com/dib-lab/screed
github:dillontsmith/leabra	leabra-psyneulink	pypi	Python implementation of the Leabra framework	https://pypi.org/pypi/leabra-psyneulink/json;https://github.com/dillontsmith/leabra
github:dipy/dipy	dipy/dipy	github	DIPY is the paragon 3D/4D+ medical imaging library in Python. Contains generic methods for spatial normalization, signal processing, machine learning, statistical analysis and visualization of medical images. Additionally, it contains specialized methods for computational anatomy including diffusion, perfusion and structural imaging.	https://github.com/dipy/dipy
github:dlce-eva/commonnexus	dlce-eva/commonnexus	pypi	Reading and writing the Nexus file format as specified by Maddison et al. 1997	https://github.com/dlce-eva/commonnexus;https://pypi.org/pypi/commonnexus/json
github:drisso/ruvseq	RUVSeq	bioconductor	Remove Unwanted Variation from RNA-Seq Data	https://bioconductor.org/packages/3.23/bioc/html/RUVSeq.html
github:drisso/zinbwave	zinbwave	bioconductor	Zero-Inflated Negative Binomial Model for RNA-Seq Data	https://bioconductor.org/packages/3.23/bioc/html/zinbwave.html
github:drrdom/pmapper	pmapper	pypi	3D pharmacophore signatures and fingerprints	https://pypi.org/pypi/pmapper/json;https://github.com/DrrDom/pmapper
github:ebi-gene-expression-group/scanpy-scripts	scanpy-scripts	bioconda	Scripts for using scanpy from the command line	https://raw.githubusercontent.com/bioconda/bioconda-recipes/254ba2d4bcda7fe6ed2baa586bac6c35885a4b10/recipes/scanpy-scripts/meta.yaml
github:ebivariation/eva-sub-cli	eva-sub-cli	bioconda	EVA Submission Command Line Interface.	https://raw.githubusercontent.com/bioconda/bioconda-recipes/254ba2d4bcda7fe6ed2baa586bac6c35885a4b10/recipes/eva-sub-cli/meta.yaml
github:ecogenomics/gtdbtk	gtdbtk	bioconda	GTDB-Tk: a toolkit for assigning objective taxonomic classifications to bacterial and archaeal genomes.	https://raw.githubusercontent.com/bioconda/bioconda-recipes/254ba2d4bcda7fe6ed2baa586bac6c35885a4b10/recipes/gtdbtk/meta.yaml;https://github.com/Ecogenomics/GTDBTk
github:edinburgh-genome-foundry/dnafeaturesviewer	Edinburgh-Genome-Foundry/DnaFeaturesViewer	github	:eye: Python library to plot DNA sequence features (e.g. from Genbank files)	https://github.com/Edinburgh-Genome-Foundry/DnaFeaturesViewer
github:eggnogdb/eggnog-mapper	eggnogdb/eggnog-mapper	github	Fast genome-wide functional annotation through orthology assignment	https://github.com/eggnogdb/eggnog-mapper
github:ei-corebioinformatics/portcullis	portcullis	bioconda	Splice junction analysis and filtering from BAM files.	https://raw.githubusercontent.com/bioconda/bioconda-recipes/254ba2d4bcda7fe6ed2baa586bac6c35885a4b10/recipes/portcullis/meta.yaml
github:etal/cnvkit	cnvkit	bioconda	Copy number variant detection from targeted DNA sequencing	https://raw.githubusercontent.com/bioconda/bioconda-recipes/254ba2d4bcda7fe6ed2baa586bac6c35885a4b10/recipes/cnvkit/meta.yaml;https://github.com/etal/cnvkit
github:evanyeyeye/rainbow	rainbow-api	pypi	Read chromatography and mass spectrometry binary files.	https://pypi.org/pypi/rainbow-api/json;https://github.com/evanyeyeye/rainbow
github:federicomarini/goseq	goseq	bioconductor	Gene Ontology analyser for RNA-seq and other length biased data	https://bioconductor.org/packages/3.23/bioc/html/goseq.html
github:fnndsc/ami	FNNDSC/ami	github	AMI Medical Imaging (AMI) JS ToolKit	https://github.com/FNNDSC/ami
github:freesurfer/freesurfer	freesurfer/freesurfer	github	Neuroimaging analysis and visualization suite	https://github.com/freesurfer/freesurfer
github:fritzsedlazeck/sniffles	fritzsedlazeck/Sniffles	github	Structural variation caller using third generation sequencing	https://github.com/fritzsedlazeck/Sniffles
github:fudan-generative-vision/dynamicpdb	fudan-generative-vision/dynamicPDB	github	[AAAI 2025] Dynamic Protein Data Bank	https://github.com/fudan-generative-vision/dynamicPDB
github:ga4gh/vrs-python	ga4gh/vrs-python	pypi	GA4GH Variation Representation Python Implementation	https://github.com/ga4gh/vrs-python;https://pypi.org/pypi/ga4gh-vrs/json
github:galaxyproject/galaxy-lib	galaxy-lib	bioconda	Subset of Galaxy (http://galaxyproject.org/) core code base designed to be used a library.	https://raw.githubusercontent.com/bioconda/bioconda-recipes/254ba2d4bcda7fe6ed2baa586bac6c35885a4b10/recipes/galaxy-lib/meta.yaml
github:gbif/pygbif	pygbif	pypi	GBIF Python client	https://pypi.org/pypi/pygbif/json;https://github.com/gbif/pygbif
github:generatebio/chroma	generatebio/chroma	github	A generative model for programmable protein design	https://github.com/generatebio/chroma
github:ggloor/aldex_bioc	ALDEx2	bioconductor	Analysis Of Differential Abundance Taking Sample and Scale Variation Into Account	https://bioconductor.org/packages/3.23/bioc/html/ALDEx2.html
github:girke-lab/chemminer	ChemmineR	bioconductor	Cheminformatics Toolkit for R	https://bioconductor.org/packages/3.23/bioc/html/ChemmineR.html
github:gmod/jbrowse-components	jbrowse2	bioconda	The JBrowse 2 Genome Browser	https://raw.githubusercontent.com/bioconda/bioconda-recipes/254ba2d4bcda7fe6ed2baa586bac6c35885a4b10/recipes/jbrowse2/meta.yaml
github:google/nucleus	google/nucleus	github	Python and C++ code for reading and writing genomics data.	https://github.com/google/nucleus
github:graylab/dl4proteins-notebooks	Graylab/DL4Proteins-notebooks	github	Colab Notebooks covering deep learning tools for biomolecular structure prediction and design	https://github.com/Graylab/DL4Proteins-notebooks
github:gregoryfaust/samblaster	samblaster	bioconda	Mark duplicates in and extract discordant and split reads from SAM files.	https://raw.githubusercontent.com/bioconda/bioconda-recipes/254ba2d4bcda7fe6ed2baa586bac6c35885a4b10/recipes/samblaster/meta.yaml
github:hasindu2008/f5c	f5c	bioconda	An optimised re-implementation of the call-methylation and eventalign modules in Nanopolish.	https://raw.githubusercontent.com/bioconda/bioconda-recipes/254ba2d4bcda7fe6ed2baa586bac6c35885a4b10/recipes/f5c/meta.yaml
github:hazyresearch/hyena-dna	HazyResearch/hyena-dna	github	Official implementation for HyenaDNA, a long-range genomic foundation model built with Hyena	https://github.com/HazyResearch/hyena-dna
github:helenalc/muscat	muscat	bioconductor	Multi-sample multi-group scRNA-seq data analysis tools	https://bioconductor.org/packages/3.23/bioc/html/muscat.html
github:hsiaoyi0504/awesome-cheminformatics	hsiaoyi0504/awesome-cheminformatics	github	A curated list of Cheminformatics libraries and software.	https://github.com/hsiaoyi0504/awesome-cheminformatics
github:huber-group-embl/lpsymphony	lpsymphony	bioconductor	Symphony integer linear programming solver in R	https://bioconductor.org/packages/3.23/bioc/html/lpsymphony.html
github:igvteam/igv	igvteam/igv	github	Integrative Genomics Viewer. Fast, efficient, scalable visualization tool for genomics data and annotations 	https://github.com/igvteam/igv;https://raw.githubusercontent.com/bioconda/bioconda-recipes/254ba2d4bcda7fe6ed2baa586bac6c35885a4b10/recipes/igv/meta.yaml
github:igvteam/igv.js	igvteam/igv.js	github	Embeddable genomic visualization component based on the Integrative Genomics Viewer	https://github.com/igvteam/igv.js
github:illumina/interop	illumina-interop	bioconda	The Illumina InterOp libraries are a set of common routines used for reading	https://raw.githubusercontent.com/bioconda/bioconda-recipes/254ba2d4bcda7fe6ed2baa586bac6c35885a4b10/recipes/illumina-interop/meta.yaml
github:intermine/intermine-ws-python	intermine	pypi	InterMine WebService client	https://pypi.org/pypi/intermine/json
github:invesalius/invesalius3	invesalius/invesalius3	github	3D medical imaging reconstruction software	https://github.com/invesalius/invesalius3
github:iobis/pyobis	iobis/pyobis	pypi	OBIS Python client	https://github.com/iobis/pyobis;https://pypi.org/pypi/pyobis/json
github:iskandr/osteosarc	osteosarc	pypi	Cancer genomics data from osteosarc.com	https://pypi.org/pypi/osteosarc/json;https://github.com/iskandr/osteosarc
github:jamescasbon/pyvcf	pyvcf	pypi	A Variant Call Format reader for Python.	https://pypi.org/pypi/pyvcf/json;https://github.com/jamescasbon/PyVCF
github:jcruan519/vm-unet	JCruan519/VM-UNet	github	"(ACM TOMM) This is the official code repository for ""VM-UNet: Vision Mamba UNet for Medical Image Segmentation""."	https://github.com/JCruan519/VM-UNet
github:jeremymcrae/bgen	bgen	pypi	fast bgen parser for python	https://pypi.org/pypi/bgen/json;https://github.com/jeremymcrae/bgen
github:jeremymcrae/liftover	liftover	pypi	liftover for python, made fast with cython	https://pypi.org/pypi/liftover/json;https://github.com/jeremymcrae/liftover
github:jeya-maria-jose/medical-transformer	jeya-maria-jose/Medical-Transformer	github	"Official Pytorch Code for ""Medical Transformer: Gated Axial-Attention for Medical Image Segmentation"" - MICCAI 2021"	https://github.com/jeya-maria-jose/Medical-Transformer
github:jfjlaros/barcode	barcode	pypi	NGS barcode design and validation.	https://pypi.org/pypi/barcode/json;https://github.com/jfjlaros/barcode
github:jfnavarro/taggd	taggd	pypi	Bioinformatics genetic barcode demultiplexing (Spatial Transcriptomics)	https://pypi.org/pypi/taggd/json;https://github.com/jfnavarro/taggd
github:jinworks/cellchat	jinworks/CellChat	github	R toolkit for inference, visualization and analysis of cell-cell communication from single-cell and spatially resolved transcriptomics	https://github.com/jinworks/CellChat
github:johof/lungmask	JoHof/lungmask	github	Automated lung segmentation in CT	https://github.com/JoHof/lungmask
github:jokergoo/enrichedheatmap	EnrichedHeatmap	bioconductor	Making Enriched Heatmaps	https://bioconductor.org/packages/3.23/bioc/html/EnrichedHeatmap.html
github:jokergoo/rgreat	rGREAT	bioconductor	GREAT Analysis - Functional Enrichment on Genomic Regions	https://bioconductor.org/packages/3.23/bioc/html/rGREAT.html
github:jokergoo/simona	simona	bioconductor	Semantic Similarity on Bio-Ontologies	https://bioconductor.org/packages/3.23/bioc/html/simona.html
github:jokergoo/simplifyenrichment	simplifyEnrichment	bioconductor	Simplify Functional Enrichment Results	https://bioconductor.org/packages/3.23/bioc/html/simplifyEnrichment.html
github:karel-brinda/samsift	samsift	bioconda	Advanced filtering and tagging of SAM/BAM alignments using Python expressions.	https://raw.githubusercontent.com/bioconda/bioconda-recipes/254ba2d4bcda7fe6ed2baa586bac6c35885a4b10/recipes/samsift/meta.yaml
github:kensho-technologies/sequence_align	sequence-align	pypi	Efficient implementations of Needleman-Wunsch and other sequence alignment algorithms written in Rust with Python bindings via PyO3.	https://pypi.org/pypi/sequence-align/json;https://github.com/kensho-technologies/sequence_align
github:kevinblighe/pcatools	PCAtools	bioconductor	PCAtools: Everything Principal Components Analysis	https://bioconductor.org/packages/3.23/bioc/html/PCAtools.html
github:krishnaswamylab/scprep	scprep	pypi	A collection of scripts and tools for loading, processing, and handling single cell data.	https://pypi.org/pypi/scprep/json;https://github.com/KrishnaswamyLab/scprep
github:kyegomez/open-af3	kyegomez/Open-AF3	github	"Implementation of Alpha Fold 3 from the paper: ""Accurate structure prediction of biomolecular interactions with AlphaFold3"" in PyTorch"	https://github.com/kyegomez/Open-AF3
github:labsyspharm/scimap	labsyspharm/scimap	pypi	Spatial Single-Cell Analysis Toolkit	https://github.com/labsyspharm/scimap;https://pypi.org/pypi/scimap/json
github:lamortenera/bamsignals	bamsignals	bioconductor	Extract read count signals from bam files	https://bioconductor.org/packages/3.23/bioc/html/bamsignals.html
github:latchbio/latch	latch	pypi	a python bioinformatics framework	https://pypi.org/pypi/latch/json;https://github.com/latchbio/latch
github:lbcb-sci/racon	racon	bioconda	Ultrafast consensus module for raw de novo genome assembly of long uncorrected reads.	https://raw.githubusercontent.com/bioconda/bioconda-recipes/254ba2d4bcda7fe6ed2baa586bac6c35885a4b10/recipes/racon/meta.yaml
github:lcolladotor/derfinder	derfinder	bioconductor	Annotation-agnostic differential expression analysis of RNA-seq data at base-pair resolution via the DER Finder approach	https://bioconductor.org/packages/3.23/bioc/html/derfinder.html
github:lgatto/proloc	pRoloc	bioconductor	A unifying bioinformatics framework for spatial proteomics	https://bioconductor.org/packages/3.23/bioc/html/pRoloc.html
github:lh3/trimadap	trimadap	bioconda	Fast but inaccurate adapter trimmer for Illumina reads.	https://raw.githubusercontent.com/bioconda/bioconda-recipes/254ba2d4bcda7fe6ed2baa586bac6c35885a4b10/recipes/trimadap/meta.yaml
github:libscran/rigraphlib	Rigraphlib	bioconductor	igraph library as an R package	https://bioconductor.org/packages/3.23/bioc/html/Rigraphlib.html
github:lieberinstitute/recount3	recount3	bioconductor	Explore and download data from the recount3 project	https://bioconductor.org/packages/3.23/bioc/html/recount3.html
github:liguowang/crossmap	liguowang/CrossMap	pypi	CrossMap is a python program to lift over genome coordinates from one genome version to another.	https://github.com/liguowang/CrossMap;https://pypi.org/pypi/crossmap/json
github:lirongwu/awesome-protein-representation-learning	LirongWu/awesome-protein-representation-learning	github	Awesome Protein Representation Learning	https://github.com/LirongWu/awesome-protein-representation-learning
github:lixiang117423/biopytools	lixiang117423/biopytools	pypi		https://github.com/lixiang117423/biopytools;https://pypi.org/pypi/biopytools/json
github:lpdi-epfl/masif	LPDI-EPFL/masif	github	MaSIF- Molecular surface interaction fingerprints. Geometric deep learning to decipher patterns in molecular surfaces.	https://github.com/LPDI-EPFL/masif
github:macs3-project/macs	MACS2 / MACS3	bioconda,pypi,github	MACS -- Model-based Analysis of ChIP-Seq	https://raw.githubusercontent.com/bioconda/bioconda-recipes/254ba2d4bcda7fe6ed2baa586bac6c35885a4b10/recipes/macs2/meta.yaml;https://pypi.org/pypi/macs3/json;https://github.com/macs3-project/MACS
github:mariewelt/openchem	Mariewelt/OpenChem	github	OpenChem: Deep Learning toolkit for Computational Chemistry and Drug Design Research	https://github.com/Mariewelt/OpenChem
github:marionilab/milor	miloR	bioconductor	Differential neighbourhood abundance testing on a graph	https://bioconductor.org/packages/3.23/bioc/html/miloR.html
github:mateidavid/fast5	fast5	bioconda	A C++ header-only library for reading Oxford Nanopore Fast5 files.	https://raw.githubusercontent.com/bioconda/bioconda-recipes/254ba2d4bcda7fe6ed2baa586bac6c35885a4b10/recipes/fast5/meta.yaml
github:matteolacki/isospec	isospecpy	pypi	IsoSpecPy is a Python library for computing isotopic distributions of molecules.	https://pypi.org/pypi/isospecpy/json
github:mattmacy/vnet.pytorch	mattmacy/vnet.pytorch	github	A PyTorch implementation for V-Net: Fully Convolutional Neural Networks for Volumetric Medical Image Segmentation	https://github.com/mattmacy/vnet.pytorch
github:maximilianh/cellbrowser	ucsc-cell-browser	bioconda	A browser for single-cell data, main site at http://cells.ucsc.edu. UCSC Cellbrowser, an interactive browser for single cell data. Includes importers and basic pipelines for text files, Seurat, Scanpy and Cellranger. All Javascript - does not require a server backend.	https://raw.githubusercontent.com/bioconda/bioconda-recipes/254ba2d4bcda7fe6ed2baa586bac6c35885a4b10/recipes/ucsc-cell-browser/meta.yaml
github:mcs07/chemdataextractor	mcs07/ChemDataExtractor	pypi	Automatically extract chemical information from scientific documents	https://github.com/mcs07/ChemDataExtractor;https://pypi.org/pypi/chemdataextractor/json
github:mdozmorov/scrna-seq_notes	mdozmorov/scRNA-seq_notes	github	A list of scRNA-seq analysis tools	https://github.com/mdozmorov/scRNA-seq_notes
github:medical-event-data-standard/meds	meds	pypi	A data standard for working with event stream data	https://pypi.org/pypi/meds/json
github:mfranberg/libplinkio	plinkio	pypi	A small C and Python library for reading PLINK genotype files.	https://pypi.org/pypi/plinkio/json;https://github.com/mfranberg/libplinkio
github:microsoft/bioemu	microsoft/bioemu	github	Inference code for scalable emulation of protein equilibrium ensembles with generative deep learning	https://github.com/microsoft/bioemu
github:microsoft/biomedparse	microsoft/BiomedParse	github	BiomedParse: A Foundation Model for Joint Segmentation, Detection, and Recognition of Biomedical Objects Across Nine Modalities	https://github.com/microsoft/BiomedParse
github:microsoft/evodiff	microsoft/evodiff	github	Generation of protein sequences and evolutionary alignments via discrete diffusion models	https://github.com/microsoft/evodiff
github:mikolmogorov/flye	flye	bioconda	A fast and accurate de novo assembler for single molecule sequencing reads using repeat graphs.	https://raw.githubusercontent.com/bioconda/bioconda-recipes/254ba2d4bcda7fe6ed2baa586bac6c35885a4b10/recipes/flye/meta.yaml
github:mims-harvard/primekg	mims-harvard/PrimeKG	github	Precision Medicine Knowledge Graph (PrimeKG)	https://github.com/mims-harvard/PrimeKG
github:mirditalab/colabfold-legacy-kernels	colabfold-legacy-kernels	pypi	Prebuilt pre-Ampere (sm_70 / sm_75) CUDA kernels for ColabFold.	https://pypi.org/pypi/colabfold-legacy-kernels/json;https://github.com/mirditalab/colabfold-legacy-kernels
github:mitk/mitk	MITK/MITK	github	The Medical Imaging Interaction Toolkit.	https://github.com/MITK/MITK
github:modeci/mdf	modeci-mdf	pypi	This repository contains the source for the MDF specification and Python API	https://pypi.org/pypi/modeci-mdf/json;https://github.com/ModECI/MDF
github:molecularai/reinvent4	MolecularAI/REINVENT4	github	AI molecular design tool for de novo design, scaffold hopping, R-group replacement, linker design and molecule optimization.	https://github.com/MolecularAI/REINVENT4
github:molpopgen/fwdpy11	fwdpy11	bioconda	Forward-time simulation in Python using fwdpp	https://raw.githubusercontent.com/bioconda/bioconda-recipes/254ba2d4bcda7fe6ed2baa586bac6c35885a4b10/recipes/fwdpy11/meta.yaml;https://github.com/molpopgen/fwdpy11
github:molpopgen/libsequence	libsequence	bioconda	A C++ class library for evolutionary genetics.	https://raw.githubusercontent.com/bioconda/bioconda-recipes/254ba2d4bcda7fe6ed2baa586bac6c35885a4b10/recipes/libsequence/meta.yaml
github:molstar/mol-view-spec	molviewspec	pypi	A generic mechanism for describing views used in molecular visualizations	https://pypi.org/pypi/molviewspec/json;https://github.com/molstar/mol-view-spec
github:momentsld/moments	moments	bioconda	Evolutionary inference using SFS and LD statistics.	https://raw.githubusercontent.com/bioconda/bioconda-recipes/254ba2d4bcda7fe6ed2baa586bac6c35885a4b10/recipes/moments/meta.yaml
github:mordred-descriptor/mordred	mordred	pypi	a molecular descriptor calculator	https://pypi.org/pypi/mordred/json;https://github.com/mordred-descriptor/mordred
github:mothur/mothur	mothur	bioconda	This project seeks to develop a single piece of open-source, expandable software to fill the bioinformatics needs of the microbial ecology community.	https://raw.githubusercontent.com/bioconda/bioconda-recipes/254ba2d4bcda7fe6ed2baa586bac6c35885a4b10/recipes/mothur/meta.yaml
github:mrgiovanni/modelsgenesis	MrGiovanni/ModelsGenesis	github	[MICCAI 2019 Young Scientist Award] [MedIA Best Paper Award] Models Genesis: self-supervised pre-training for 3D medical images. Learns transferable representations from unlabeled CT and MRI volumes, then fine-tunes for downstream segmentation and classification. Keras and PyTorch weights included.	https://github.com/MrGiovanni/ModelsGenesis
github:mritchielab/glimmav2	Glimma	bioconductor	Interactive visualizations for gene expression analysis	https://bioconductor.org/packages/3.23/bioc/html/Glimma.html
github:msdllcpapers/promb	promb	pypi	Humanness of de-novo designed proteins	https://pypi.org/pypi/promb/json;https://github.com/MSDLLCpapers/promb
github:nanoporetech/dorado	nanoporetech/dorado	github	Oxford Nanopore's Basecaller	https://github.com/nanoporetech/dorado
github:nanoporetech/pod5-file-format	lib-pod5	bioconda,pypi	Pod5: a high performance file format for nanopore reads.	https://raw.githubusercontent.com/bioconda/bioconda-recipes/254ba2d4bcda7fe6ed2baa586bac6c35885a4b10/recipes/lib-pod5/meta.yaml;https://github.com/nanoporetech/pod5-file-format;https://pypi.org/pypi/lib-pod5/json
github:natir/yacrd	yacrd	bioconda	Yet Another Chimeric Read Detector, with long-read mapper result as input.	https://raw.githubusercontent.com/bioconda/bioconda-recipes/254ba2d4bcda7fe6ed2baa586bac6c35885a4b10/recipes/yacrd/meta.yaml
github:naver/biobert-pretrained	naver/biobert-pretrained	github	BioBERT: a pre-trained biomedical language representation model for biomedical text mining	https://github.com/naver/biobert-pretrained
github:navis-org/skeletor	navis-org/skeletor	pypi	Extraction of 3D skeletons from meshes.	https://github.com/navis-org/skeletor;https://pypi.org/pypi/skeletor/json
github:ncbi/amr	ncbi-amrfinderplus	bioconda	AMRFinderPlus finds antimicrobial resistance and other genes in protein or nucleotide sequences.	https://raw.githubusercontent.com/bioconda/bioconda-recipes/254ba2d4bcda7fe6ed2baa586bac6c35885a4b10/recipes/ncbi-amrfinderplus/meta.yaml
github:ncbi/ngs	ncbi-ngs-sdk	bioconda	NGS is a new, domain-specific API for accessing reads, alignments and pileups produced from Next Generation Sequencing.	https://raw.githubusercontent.com/bioconda/bioconda-recipes/254ba2d4bcda7fe6ed2baa586bac6c35885a4b10/recipes/ncbi-ngs-sdk/meta.yaml
github:neufeld/pandaseq	pandaseq	bioconda	PANDASEQ is a program to align Illumina reads, optionally with PCR primers embedded in the sequence, and reconstruct an overlapping sequence.	https://raw.githubusercontent.com/bioconda/bioconda-recipes/254ba2d4bcda7fe6ed2baa586bac6c35885a4b10/recipes/pandaseq/meta.yaml
github:nextstrain/nextclade	nextclade	bioconda	Viral genome alignment, mutation calling, clade assignment, quality checks and phylogenetic placement.	https://raw.githubusercontent.com/bioconda/bioconda-recipes/254ba2d4bcda7fe6ed2baa586bac6c35885a4b10/recipes/nextclade/meta.yaml
github:nglviewer/ngl	nglviewer/ngl	github	WebGL protein viewer	https://github.com/nglviewer/ngl
github:nipreps/fmriprep	nipreps/fmriprep	github	fMRIPrep is a robust and easy-to-use pipeline for preprocessing of diverse fMRI data. The transparent workflow dispenses of manual intervention, thereby ensuring the reproducibility of the results.	https://github.com/nipreps/fmriprep
github:nipreps/niworkflows	niworkflows	pypi	Common workflows for MRI (anatomical, functional, diffusion, etc)	https://pypi.org/pypi/niworkflows/json;https://github.com/nipreps/niworkflows
github:nipy/nitime	nitime	pypi	Timeseries analysis for neuroscience data	https://pypi.org/pypi/nitime/json;https://github.com/nipy/nitime
github:nipy/nitransforms	nitransforms	pypi	a standalone fork of nipy/nibabel#656	https://pypi.org/pypi/nitransforms/json;https://github.com/nipy/nitransforms
github:nipype/pydra	nipype/pydra	pypi	Pydra Dataflow Engine	https://github.com/nipype/pydra;https://pypi.org/pypi/pydra/json
github:nsalomonis/altanalyze	altanalyze	pypi	User Friendly Application for Comprehensive Transcriptome Analysis	https://pypi.org/pypi/altanalyze/json
github:nvidia-bionemo/bionemo-recipes	NVIDIA-BioNeMo/bionemo-recipes	github	BioNeMo Recipes: For building and adapting AI models in drug discovery at scale	https://github.com/NVIDIA-BioNeMo/bionemo-recipes
github:ome/napari-omero	napari-omero	pypi	Browse your OMERO database from within napari.	https://pypi.org/pypi/napari-omero/json;https://github.com/ome/napari-omero
github:omicsml/awesome-deep-learning-single-cell-papers	OmicsML/awesome-deep-learning-single-cell-papers	github		https://github.com/OmicsML/awesome-deep-learning-single-cell-papers
github:oncologylab/fp-tools	fp-tools-bio	pypi	ATAC-seq footprinting, motif analysis, and interactive reports for bulk and single-cell data.	https://pypi.org/pypi/fp-tools-bio/json
github:open-science-tools/nd2reader	nd2reader	pypi	A tool for reading ND2 files produced by NIS Elements	https://pypi.org/pypi/nd2reader/json
github:openbraininstitute/efel	efel	pypi	eFEL: electrophysiology feature extraction library	https://pypi.org/pypi/efel/json
github:openbraininstitute/morphio	morphio	pypi	A neuron morphology IO library	https://pypi.org/pypi/morphio/json
github:openchemistry/avogadrolibs	OpenChemistry/avogadrolibs	github	Avogadro libraries provide 3D rendering, visualization, analysis and data processing useful in computational chemistry, molecular modeling, bioinformatics, materials science, and related areas.	https://github.com/OpenChemistry/avogadrolibs
github:openmm/openmmforcefields	openmm/openmmforcefields	pypi	CHARMM and AMBER forcefields for OpenMM (with small molecule support)	https://github.com/openmm/openmmforcefields;https://pypi.org/pypi/openmmforcefields/json
github:openneuro-py/openneuro-py	openneuro-py	pypi	A client for accessing OpenNeuro datasets, written in Python.	https://pypi.org/pypi/openneuro-py/json;https://github.com/openneuro-py/openneuro-py
github:opentrons/opentrons	opentrons	pypi	Software for writing protocols and running them on the Opentrons Flex and Opentrons OT-2	https://pypi.org/pypi/opentrons/json;https://github.com/Opentrons/opentrons
github:openvax/mhcflurry	mhcflurry	pypi	Peptide-MHC I binding affinity prediction	https://pypi.org/pypi/mhcflurry/json;https://github.com/openvax/mhcflurry
github:openwdl/wdl	openwdl/wdl	github	Specification for the Workflow Description Language (WDL).	https://github.com/openwdl/wdl
github:oschwengers/bakta	oschwengers/bakta	github	Rapid & standardized annotation of bacterial genomes, MAGs & plasmids	https://github.com/oschwengers/bakta
github:perone/medicaltorch	perone/medicaltorch	github	A medical imaging framework for Pytorch	https://github.com/perone/medicaltorch
github:pharmai/plip	pharmai/plip	pypi,github	Protein-Ligand Interaction Profiler - Analyze and visualize non-covalent protein-ligand interactions in PDB files according to 📝 Schake, Bolz, et al. (2025), https://doi.org/10.1093/nar/gkaf361	https://github.com/pharmai/plip;https://pypi.org/pypi/plip/json
github:philres/ngmlr	ngmlr	bioconda	ngmlr is a long-read mapper designed to align PacBio or Oxford Nanopore reads to a reference genome and optimized for structural variation detection.	https://raw.githubusercontent.com/bioconda/bioconda-recipes/254ba2d4bcda7fe6ed2baa586bac6c35885a4b10/recipes/ngmlr/meta.yaml
github:powellgenomicslab/nebulosa	Nebulosa	bioconductor	Single-Cell Data Visualisation Using Kernel Gene-Weighted Density Estimation	https://bioconductor.org/packages/3.23/bioc/html/Nebulosa.html
github:prihoda/abnumber	abnumber	bioconda	AbNumber - Antibody numbering using ANARCI	https://raw.githubusercontent.com/bioconda/bioconda-recipes/254ba2d4bcda7fe6ed2baa586bac6c35885a4b10/recipes/abnumber/meta.yaml
github:project-monai/generativemodels	Project-MONAI/GenerativeModels	github	MONAI Generative Models makes it easy to train, evaluate, and deploy generative models and related applications	https://github.com/Project-MONAI/GenerativeModels
github:pydna-group/pydna	pydna	pypi	Clone with Python! Data structures for double stranded DNA & simulation of homologous recombination, Gibson assembly, cut & paste cloning.	https://pypi.org/pypi/pydna/json;https://github.com/pydna-group/pydna
github:pymmcore-plus/useq-schema	useq-schema	pypi	An implementation agnostic schema for describing a sequence of events during a multi-dimensional imaging acquisition.	https://pypi.org/pypi/useq-schema/json;https://github.com/pymmcore-plus/useq-schema
github:quantumjot/btrack	btrack	pypi	Bayesian multi-object tracking	https://pypi.org/pypi/btrack/json;https://github.com/quantumjot/btrack
github:rcavalcante/annotatr	annotatr	bioconductor	Annotation of Genomic Regions to Genomic Annotations	https://bioconductor.org/packages/3.23/bioc/html/annotatr.html
github:rformassspectrometry/msexperiment	MsExperiment	bioconductor	Infrastructure for Mass Spectrometry Experiments	https://bioconductor.org/packages/3.23/bioc/html/MsExperiment.html
github:rglab/cytoml	CytoML	bioconductor	A GatingML Interface for Cross Platform Cytometry Data Sharing	https://bioconductor.org/packages/3.23/bioc/html/CytoML.html
github:rglab/flowstats	flowStats	bioconductor	Statistical methods for the analysis of flow cytometry data	https://bioconductor.org/packages/3.23/bioc/html/flowStats.html
github:rglab/ggcyto	ggcyto	bioconductor	Visualize Cytometry data with ggplot	https://bioconductor.org/packages/3.23/bioc/html/ggcyto.html
github:rmaphoh/retfound	rmaphoh/RETFound	github	Vision Foundation Models for Medical AI, including RETFound, DINOv2, DINOv3	https://github.com/rmaphoh/RETFound
github:rnabioco/escapepod-rs	escapepod	pypi	Rust library and CLI for pod5 manipulation, classification, and demux	https://pypi.org/pypi/escapepod/json;https://github.com/rnabioco/escapepod-rs
github:rosettacommons/atomworks	atomworks	pypi	A generalized computational framework for biomolecular modeling.	https://pypi.org/pypi/atomworks/json;https://github.com/RosettaCommons/atomworks
github:rrwick/bandage	rrwick/Bandage	github	a Bioinformatics Application for Navigating De novo Assembly Graphs Easily	https://github.com/rrwick/Bandage
github:ryanwangzf/medclip	RyanWangZf/MedCLIP	github	EMNLP'22 | MedCLIP: Contrastive Learning from Unpaired Medical Images and Texts	https://github.com/RyanWangZf/MedCLIP
github:saezlab/omnipathr	OmnipathR	bioconductor	OmniPath web service client and more	https://bioconductor.org/packages/3.23/bioc/html/OmnipathR.html
github:saezlab/progeny	progeny	bioconductor	Pathway RespOnsive GENes for activity inference from gene expression	https://bioconductor.org/packages/3.23/bioc/html/progeny.html
github:salesforce/progen	salesforce/progen	github	Official release of the ProGen models	https://github.com/salesforce/progen
github:sbg/sevenbridges-python	sevenbridges-python	bioconda	SevenBridges Python Api bindings	https://raw.githubusercontent.com/bioconda/bioconda-recipes/254ba2d4bcda7fe6ed2baa586bac6c35885a4b10/recipes/sevenbridges-python/meta.yaml;https://github.com/sbg/sevenbridges-python
github:scalableminds/webknossos-libs	webknossos	pypi	Python API and CLI tools for working with WEBKNOSSOS datasets, annotations and server interactions. Includes converter to OME-Zarr.	https://pypi.org/pypi/webknossos/json;https://github.com/scalableminds/webknossos-libs
github:scverse/anndatar	anndataR	bioconductor	AnnData interoperability in R	https://bioconductor.org/packages/3.23/bioc/html/anndataR.html
github:scverse/liana	liana	pypi	LIANA+: an all-in-one framework for cell-cell communication	https://pypi.org/pypi/liana/json;https://github.com/scverse/liana
github:scverse/muon	muon	pypi	muon is a multimodal omics Python framework	https://pypi.org/pypi/muon/json;https://github.com/scverse/muon
github:scverse/pydeseq2	scverse/PyDESeq2	github	A Python implementation of the DESeq2 pipeline for bulk RNA-seq DEA.	https://github.com/scverse/PyDESeq2
github:sebriois/biomart	biomart	pypi	Python biomart API	https://pypi.org/pypi/biomart/json;https://github.com/sebriois/biomart
github:seguid/seguid-python	seguid	pypi	SEGUID v2: Checksums for Linear, Circular, Single- and Double-Stranded Biological Sequences	https://pypi.org/pypi/seguid/json;https://github.com/seguid/seguid-python
github:seq-lang/seq	seq-lang/seq	github	A high-performance, Pythonic language for bioinformatics	https://github.com/seq-lang/seq
github:seung-lab/cloud-volume	cloud-volume	pypi	Read and write Neuroglancer datasets programmatically.	https://pypi.org/pypi/cloud-volume/json;https://github.com/seung-lab/cloud-volume
github:shenwei356/awesome	shenwei356/awesome	github	Awesome resources on Bioinformatics, data science, machine learning, programming language (Python, Golang, R, Perl) and miscellaneous stuff.	https://github.com/shenwei356/awesome
github:sjczheng/epidish	EpiDISH	bioconductor	Epigenetic Dissection of Intra-Sample-Heterogeneity	https://bioconductor.org/packages/3.23/bioc/html/EpiDISH.html
github:skyeav/tablassert	tablassert	pypi	Tablassert turns biomedical spreadsheets (Excel, CSV, TSV) into knowledge graphs ready for NCATS Translator. Declare how your columns map to subject–predicate–object statements in YAML; Tablassert resolves free text to standard CURIEs, attaches provenance and statistical annotations, and emits KGX-compliant nodes and edges.	https://pypi.org/pypi/tablassert/json;https://github.com/SkyeAv/Tablassert
github:smgogarten/gwastools	GWASTools	bioconductor	Tools for Genome Wide Association Studies	https://bioconductor.org/packages/3.23/bioc/html/GWASTools.html
github:smirarab/pasta	pasta	bioconda	An implementation of the PASTA (Practical Alignment using Sate and TrAnsitivity) algorithm.	https://raw.githubusercontent.com/bioconda/bioconda-recipes/254ba2d4bcda7fe6ed2baa586bac6c35885a4b10/recipes/pasta/meta.yaml
github:snakemake/snakemake-interface-scheduler-plugins	snakemake-interface-scheduler-plugins	bioconda	This package provides a stable interface for interactions between Snakemake and its scheduler plugins.	https://raw.githubusercontent.com/bioconda/bioconda-recipes/254ba2d4bcda7fe6ed2baa586bac6c35885a4b10/recipes/snakemake-interface-scheduler-plugins/meta.yaml
github:sneumann/rdisop	Rdisop	bioconductor	Decomposition of Isotopic Patterns	https://bioconductor.org/packages/3.23/bioc/html/Rdisop.html
github:songlab-cal/tape	songlab-cal/tape	github	Tasks Assessing Protein Embeddings (TAPE), a set of five biologically relevant semi-supervised learning tasks spread across different domains of protein biology.	https://github.com/songlab-cal/tape
github:spikeinterface/spikeinterface	SpikeInterface/spikeinterface	github	A Python-based module for creating flexible and robust spike sorting pipelines.	https://github.com/SpikeInterface/spikeinterface
github:sqjin/cellchat	sqjin/CellChat	github	R toolkit for inference, visualization and analysis of cell-cell communication from single-cell data	https://github.com/sqjin/CellChat
github:statomics/tradeseq	tradeSeq	bioconductor	trajectory-based differential expression analysis for sequencing data	https://bioconductor.org/packages/3.23/bioc/html/tradeSeq.html
github:stuart-lab/signac	r-signac	bioconda	A framework for the analysis and exploration of single-cell chromatin data. The ''Signac'' package contains functions for quantifying single-cell chromatin data, computing per-cell quality control metrics, dimension reduction and normalization, visualization, and DNA sequence motif analysis.	https://raw.githubusercontent.com/bioconda/bioconda-recipes/254ba2d4bcda7fe6ed2baa586bac6c35885a4b10/recipes/r-signac/meta.yaml
github:swansonk14/admet_ai	admet-ai	pypi	Training and prediction scripts for Chemprop models trained on ADMET datasets	https://pypi.org/pypi/admet-ai/json;https://github.com/swansonk14/admet_ai
github:swharden/pyabf	pyabf	pypi	pyABF is a Python package for reading electrophysiology data from Axon Binary Format (ABF) files	https://pypi.org/pypi/pyabf/json;https://github.com/swharden/pyABF
github:taokz/biomedgpt	taokz/BiomedGPT	github	BiomedGPT: A Generalist Vision-Language Foundation Model for Diverse Biomedical Tasks	https://github.com/taokz/BiomedGPT
github:teichlab/celltypist	celltypist	pypi	A tool for semi-automatic cell type classification	https://pypi.org/pypi/celltypist/json;https://github.com/Teichlab/celltypist
github:tgirke/systempiper	systemPipeR	bioconductor	systemPipeR: A Multipurpose Workflow Management System for Reproducible Data Analysis	https://bioconductor.org/packages/3.23/bioc/html/systemPipeR.html
github:thackl/gggenomes	thackl/gggenomes	github	A grammar of graphics for comparative genomics	https://github.com/thackl/gggenomes
github:theislab/destiny	destiny	bioconductor	Creates diffusion maps	https://bioconductor.org/packages/3.23/bioc/html/destiny.html
github:theislab/scib	theislab/scib	pypi	Benchmarking analysis of data integration tools	https://github.com/theislab/scib;https://pypi.org/pypi/scib/json
github:theislab/scvelo	theislab/scvelo	pypi	RNA Velocity generalized through dynamical modeling	https://github.com/theislab/scvelo;https://pypi.org/pypi/scvelo/json
github:tidyomics/plyranges	plyranges	bioconductor	A fluent interface for manipulating GenomicRanges	https://bioconductor.org/packages/3.23/bioc/html/plyranges.html
github:torchmd/torchmd	torchmd/torchmd	github	End-To-End Molecular Dynamics (MD) Engine using PyTorch	https://github.com/torchmd/torchmd
github:transdecoder/transdecoder	transdecoder	bioconda	TransDecoder identifies candidate coding regions within transcript sequences,	https://raw.githubusercontent.com/bioconda/bioconda-recipes/254ba2d4bcda7fe6ed2baa586bac6c35885a4b10/recipes/transdecoder/meta.yaml
github:tseemann/barrnap	barrnap	bioconda	Rapid microbial RNA annotation	https://raw.githubusercontent.com/bioconda/bioconda-recipes/254ba2d4bcda7fe6ed2baa586bac6c35885a4b10/recipes/barrnap/meta.yaml
github:usda-ars-gbru/itsxpress	itsxpress	bioconda	ITSxpress: Software to rapidly trim the Internally Transcribed Spacer (ITS) region from FASTQ files.	https://raw.githubusercontent.com/bioconda/bioconda-recipes/254ba2d4bcda7fe6ed2baa586bac6c35885a4b10/recipes/itsxpress/meta.yaml
github:vandijklab/cell2sentence	vandijklab/cell2sentence	github	Cell2Sentence: Teaching Large Language Models the Language of Biology	https://github.com/vandijklab/cell2sentence
github:vcflib/vcflib	vcflib	bioconda,github	 C++ library and cmdline tools for parsing and manipulating VCF files with python and zig bindings	https://raw.githubusercontent.com/bioconda/bioconda-recipes/254ba2d4bcda7fe6ed2baa586bac6c35885a4b10/recipes/vcflib/meta.yaml;https://github.com/vcflib/vcflib
github:velocyto-team/velocyto.py	velocyto	pypi	RNA velocity estimation in Python	https://pypi.org/pypi/velocyto/json;https://github.com/velocyto-team/velocyto.py
github:virus-evolution/gofasta	gofasta	bioconda	Genomic epidemiology utilities for short genome alignments	https://raw.githubusercontent.com/bioconda/bioconda-recipes/254ba2d4bcda7fe6ed2baa586bac6c35885a4b10/recipes/gofasta/meta.yaml
github:vjcitn/roc	ROC	bioconductor	utilities for ROC, with microarray focus	https://bioconductor.org/packages/3.23/bioc/html/ROC.html
github:vsbuffalo/bds-files	vsbuffalo/bds-files	github	"Supplementary files for my book, ""Bioinformatics Data Skills"""	https://github.com/vsbuffalo/bds-files
github:waldronlab/tcgautils	TCGAutils	bioconductor	TCGA utility functions for data management	https://bioconductor.org/packages/3.23/bioc/html/TCGAutils.html
github:wdecoster/nanoget	nanoget	bioconda	Functions to extract information from Oxford Nanopore sequencing data and alignments	https://raw.githubusercontent.com/bioconda/bioconda-recipes/254ba2d4bcda7fe6ed2baa586bac6c35885a4b10/recipes/nanoget/meta.yaml;https://github.com/wdecoster/nanoget
github:wdecoster/nanoplot	nanoplot	bioconda	Plotting scripts for long read sequencing data	https://raw.githubusercontent.com/bioconda/bioconda-recipes/254ba2d4bcda7fe6ed2baa586bac6c35885a4b10/recipes/nanoplot/meta.yaml;https://github.com/wdecoster/NanoPlot
github:weecology/deepforest	weecology/DeepForest	github	Python Package for Airborne RGB machine learning	https://github.com/weecology/DeepForest
github:weizhongli/cdhit	cd-hit	bioconda	Clusters and compares protein or nucleotide sequences.	https://raw.githubusercontent.com/bioconda/bioconda-recipes/254ba2d4bcda7fe6ed2baa586bac6c35885a4b10/recipes/cd-hit/meta.yaml
github:whatshap/whatshap	whatshap	bioconda	Read-based phasing of genomic variants, also called haplotype assembly	https://raw.githubusercontent.com/bioconda/bioconda-recipes/254ba2d4bcda7fe6ed2baa586bac6c35885a4b10/recipes/whatshap/meta.yaml;https://github.com/whatshap/whatshap
github:whitews/flowutils	whitews/FlowUtils	pypi	FlowUtils is a Python package containing various utility functions related to flow cytometry analysis, primarily focused on compensation and transformation tasks commonly used within the flow community.	https://github.com/whitews/FlowUtils;https://pypi.org/pypi/flowutils/json
github:yatisht/usher	usher	bioconda	Ultrafast Sample Placement on Existing Trees (UShER).	https://raw.githubusercontent.com/bioconda/bioconda-recipes/254ba2d4bcda7fe6ed2baa586bac6c35885a4b10/recipes/usher/meta.yaml
github:yuanyueli/msentropy	YuanyueLi/MSEntropy	pypi	Spectral entropy for mass spectrometry data.	https://github.com/YuanyueLi/MSEntropy;https://pypi.org/pypi/ms-entropy/json
github:zaeleus/noodles	zaeleus/noodles	github	Bioinformatics I/O libraries in Rust	https://github.com/zaeleus/noodles
github:zengflab/sure	sure-tools	pypi	Building a single-cell transcriptome-based coordinate system	https://pypi.org/pypi/sure-tools/json;https://github.com/ZengFLab/SURE
github:zhanghao-njmu/scp	zhanghao-njmu/SCP	github	An end-to-end Single-Cell Pipeline designed to facilitate comprehensive analysis and exploration of single-cell data.	https://github.com/zhanghao-njmu/SCP
github:zhengxwen/seqarray	SeqArray	bioconductor	Data management of large-scale whole-genome sequence variant calls using GDS files	https://bioconductor.org/packages/3.23/bioc/html/SeqArray.html
github:zwdzwd/sesame	sesame	bioconductor	SEnsible Step-wise Analysis of DNA MEthylation BeadChips	https://bioconductor.org/packages/3.23/bioc/html/sesame.html
http://circos.ca/distribution/circos-0.69-9.tgz	circos	bioconda	Circos is a software package for visualizing data and information. It visualizes data in a circular layout	https://raw.githubusercontent.com/bioconda/bioconda-recipes/254ba2d4bcda7fe6ed2baa586bac6c35885a4b10/recipes/circos/meta.yaml
http://www.ansikte.se/aragorn/downloads/aragorn1.2.41.c	aragorn	bioconda	ARAGORN, tRNA (and tmRNA) detection	https://raw.githubusercontent.com/bioconda/bioconda-recipes/254ba2d4bcda7fe6ed2baa586bac6c35885a4b10/recipes/aragorn/meta.yaml
http://www.bioinf.uni-leipzig.de/software/segemehl/downloads/segemehl-0.3.4.tar.gz	segemehl	bioconda	Short read mapping with gaps.	https://raw.githubusercontent.com/bioconda/bioconda-recipes/254ba2d4bcda7fe6ed2baa586bac6c35885a4b10/recipes/segemehl/meta.yaml
https://bitbucket.org/genomicepidemiology/kma	kma	bioconda	KMA is a mapping method designed to map raw reads directly against redundant databases, in an ultra-fast manner using seed and extend.	https://raw.githubusercontent.com/bioconda/bioconda-recipes/254ba2d4bcda7fe6ed2baa586bac6c35885a4b10/recipes/kma/meta.yaml
https://bitbucket.org/kokonech/qualimap	qualimap	bioconda	Quality control of alignment sequencing data and its derivatives like feature counts	https://raw.githubusercontent.com/bioconda/bioconda-recipes/254ba2d4bcda7fe6ed2baa586bac6c35885a4b10/recipes/qualimap/meta.yaml
https://ccb.jhu.edu/software/glimmerhmm/dl/glimmerhmm-3.0.4.tar.gz	glimmerhmm	bioconda	GlimmerHMM is a gene finder based on a Generalized Hidden Markov Model (GHMM).	https://raw.githubusercontent.com/bioconda/bioconda-recipes/254ba2d4bcda7fe6ed2baa586bac6c35885a4b10/recipes/glimmerhmm/meta.yaml
https://cpan.metacpan.org/authors/id/c/cj/cjfields/bio-searchio-hmmer-1.7.3.tar.gz	perl-bio-searchio-hmmer	bioconda	A parser for HMMER2 and HMMER3 output (hmmscan, hmmsearch, hmmpfam)	https://raw.githubusercontent.com/bioconda/bioconda-recipes/254ba2d4bcda7fe6ed2baa586bac6c35885a4b10/recipes/perl-bio-searchio-hmmer/meta.yaml
https://depot.galaxyproject.org/software/abundancebin/abundancebin_1.0.1_src_all.tar.gz	abundancebin	bioconda	Abundance-based tool for binning metagenomic sequences.	https://raw.githubusercontent.com/bioconda/bioconda-recipes/254ba2d4bcda7fe6ed2baa586bac6c35885a4b10/recipes/abundancebin/meta.yaml
https://depot.galaxyproject.org/software/emboss/emboss_6.6.0_src_all.tar.gz	emboss	bioconda	The European Molecular Biology Open Software Suite.	https://raw.githubusercontent.com/bioconda/bioconda-recipes/254ba2d4bcda7fe6ed2baa586bac6c35885a4b10/recipes/emboss/meta.yaml
https://downloads.sourceforge.net/project/poamsa/poamsa/2.0/poav2.tar.gz	poa	bioconda	POA is Partial Order Alignment, a fast program for multiple sequence alignment in bioinformatics. Its advantages are speed, scalability, sensitivity, and the superior ability to handle branching / indels in the alignment.	https://raw.githubusercontent.com/bioconda/bioconda-recipes/254ba2d4bcda7fe6ed2baa586bac6c35885a4b10/recipes/poa/meta.yaml
https://files.pythonhosted.org/packages/8b/94/a24d594973271658189f885ea61c4f5ed308fbbc22a7962de3117b3c1497/cell_eval2-0.16.0.tar.gz	cell-eval2	pypi	Clean, streamlined, GPU-accelerated reimplementation of cell-eval	https://pypi.org/pypi/cell-eval2/json
https://files.pythonhosted.org/packages/a7/bf/c4a8b47f55557cf555711ba8aaff56f7ddacf64795f99629caf8fe9e4af0/pdex-0.3.0.tar.gz	pdex	pypi	Parallel differential expression for single-cell perturbation sequencing	https://pypi.org/pypi/pdex/json
https://gitlab.com/paulklemm_phd/proteinortho	proteinortho	bioconda	Proteinortho is a tool to detect orthologous genes within different species.	https://raw.githubusercontent.com/bioconda/bioconda-recipes/254ba2d4bcda7fe6ed2baa586bac6c35885a4b10/recipes/proteinortho/meta.yaml
https://pypi.io/packages/source/p/pybiolib/pybiolib-1.4.551.tar.gz	pybiolib	bioconda	BioLib Python Client.	https://raw.githubusercontent.com/bioconda/bioconda-recipes/254ba2d4bcda7fe6ed2baa586bac6c35885a4b10/recipes/pybiolib/meta.yaml
